tên,giá,socket,kích thước,RAM tối đa,khe RAM,màu,Ram hỗ trợ,khe M.2,lưu trữ,pcie,image_url
ASUS B760M-AYW WIFI D4,4858808,LGA 1700,Micro ATX,64,2,XÁM / ĐEN,DDR4,PCIe 4.0 x4,sata_6_gb_s,PCIe 4.0 x16,assets/images/motherboard_motherboard_asus_b760m_ayw_wifi_d4.png
MSI B850 PRO B850M-VC WIFI6E AM5 DDR5 Micro ATX,4992114,AM5,Micro ATX,256,4,ĐEN,DDR5,PCIe 4.0 x4,,PCIe 4.0 x16,assets/images/motherboard_motherboard_msi_b850_pro_b850m_vc_wifi6e_am5_ddr5_micro_atx.png
Asus H81 H81M-C/CSM DDR3 Micro ATX,7561015,LGA 1150,Micro ATX,16,2,ĐEN / VÀNG,DDR3,,sata_3_gb_s; sata_6_gb_s,PCIe 4.0 x16,assets/images/motherboard_motherboard_asus_h81_h81m_c_csm_ddr3_micro_atx.png
Gigabyte B860M AORUS ELITE WIFI6E DDR5 Micro ATX,4478387,LGA 1851,Micro ATX,256,4,ĐEN,DDR5,PCIe 4.0 x4,,PCIe 4.0 x16,assets/images/motherboard_motherboard_gigabyte_b860m_aorus_elite_wifi6e_ddr5_micro_atx.png
Biostar B560 M-SILVER LGA1200 DDR4 Micro ATX,4465478,LGA 1200,Micro ATX,128,4,XÁM / ĐEN,DDR4,PCIe 4.0 x4,sata_6_gb_s,PCIe 4.0 x16,assets/images/motherboard_motherboard_biostar_b560_m_silver_lga1200_ddr4_micro_atx.png
ASRock H410 M/ac DDR4 Micro ATX,6559642,LGA 1200,Micro ATX,64,2,ĐEN,DDR4,PCIe 4.0 x4,sata_6_gb_s,PCIe 4.0 x16,assets/images/motherboard_motherboard_asrock_h410_m_ac_ddr4_micro_atx.png
ASUS H310 PRIME H310M-R R2.0 LGA1151 DDR4 Micro ATX,4564271,LGA 1151,Micro ATX,32,2,ĐEN,DDR4,,sata_6_gb_s,PCIe 4.0 x16,assets/images/motherboard_motherboard_asus_h310_prime_h310m_r_r2_0_lga1151_ddr4_micro_atx.png
ASRock B560M Pro4 LGA1200 DDR4 Micro ATX,6559642,LGA 1200,Micro ATX,128,4,XÁM / ĐEN,DDR4,PCIe 4.0 x4,sata_6_gb_s,PCIe 4.0 x16,assets/images/motherboard_motherboard_asrock_b560m_pro4_lga1200_ddr4_micro_atx.png
MSI PRO B650M-P,3951487,AM5,Micro ATX,256,4,ĐEN / XÁM,DDR5,PCIe 4.0 x4,sata_6_gb_s,PCIe 4.0 x16,assets/images/motherboard_motherboard_msi_pro_b650m_p.png
MSI A320M PRO-VD PLUS AM4 DDR4 Micro ATX,2897950,AM4,Micro ATX,32,2,NÂU / ĐEN,DDR4,,sata_6_gb_s,PCIe 4.0 x16,assets/images/motherboard_motherboard_msi_a320m_pro_vd_plus_am4_ddr4_micro_atx.png
ASRock B850 Pro RS WiFi AM5 DDR5 ATX,5268737,AM5,ATX,256,4,XÁM / ĐEN,DDR5,PCIe 4.0 x4,,PCIe 4.0 x16,assets/images/motherboard_motherboard_asrock_b850_pro_rs_wifi_am5_ddr5_atx.png
ASRock B860 Lightning WiFi DDR5 ATX,5268737,LGA 1851,ATX,256,4,ĐEN,DDR5,PCIe 4.0 x4,sata_6_gb_s,PCIe 4.0 x16,assets/images/motherboard_motherboard_asrock_b860_lightning_wifi_ddr5_atx.png
ASUS X870 MAX GAMING WIFI7 W DDR5 ATX,6698216,AM5,ATX,256,4,TRẮNG,DDR5,PCIe 4.0 x4,,PCIe 4.0 x16,assets/images/motherboard_motherboard_asus_x870_max_gaming_wifi7_w_ddr5_atx.png
MSI B550-A PRO (CEC),9905720,AM4,ATX,128,4,ĐEN,DDR4,PCIe 4.0 x4,,PCIe 4.0 x16,assets/images/motherboard_motherboard_msi_b550_a_pro_cec.png
MSI B450-A PRO MAX,6342032,AM4,ATX,64,4,,DDR4,PCIe 3.0 x4,sata_6_gb_s,PCIe 3.0 x16; PCIe 2.0 x16,assets/images/motherboard_motherboard_msi_b450_a_pro_max.png
Gigabyte X299 AORUS Gaming 3 Pro LGA2066 DDR4 ATX,12882705,LGA 2066,ATX,128,8,ĐEN,DDR4,PCIe 4.0 x4,sata_6_gb_s,PCIe 4.0 x16,assets/images/motherboard_motherboard_gigabyte_x299_aorus_gaming_3_pro_lga2066_ddr4_atx.png
Asus B85 PLUS LGA1150 DDR3 ATX,10853613,LGA 1150,ATX,32,4,ĐEN / VÀNG,DDR3,,sata_3_gb_s; sata_6_gb_s,PCIe 4.0 x16,assets/images/motherboard_motherboard_asus_b85_plus_lga1150_ddr3_atx.png
Asus X79 Deluxe LGA2011 DDR3 ATX,17602412,LGA 2011,ATX,64,8,ĐEN / VÀNG,DDR3,,sata_3_gb_s; sata_6_gb_s,PCIe 4.0 x16,assets/images/motherboard_motherboard_asus_x79_deluxe_lga2011_ddr3_atx.png
Gigabyte B650M C AM5 DDR5 Micro ATX,4466531,AM5,Micro ATX,192,4,NÂU / ĐEN,DDR5,PCIe 4.0 x4,sata_6_gb_s,PCIe 4.0 x16,assets/images/motherboard_motherboard_gigabyte_b650m_c_am5_ddr5_micro_atx.png
MAXSUN B760 iCraft B760M CROSS LGA1700 DDR5 Micro ATX,4018139,LGA 1700,Micro ATX,192,4,TRẮNG / HỒNG,DDR5,PCIe 4.0 x4,sata_6_gb_s,PCIe 4.0 x16,
Asus B560 PRIME B560M-A AC LGA1200 DDR4 Micro ATX,4097965,LGA 1200,Micro ATX,128,4,ĐEN / XÁM,DDR4,PCIe 4.0 x4,sata_6_gb_s,PCIe 4.0 x16,assets/images/motherboard_motherboard_asus_b560_prime_b560m_a_ac_lga1200_ddr4_micro_atx.png
ASUS TUF GAMING B650-PLUS,4214937,AM5,ATX,256,4,ĐEN / XÁM / CAM,DDR5,PCIe 5.0 x4; PCIe 4.0 x4,sata_6_gb_s,PCIe 4.0 x16,assets/images/motherboard_motherboard_asus_tuf_gaming_b650_plus.png
Asus PRIME B650-PLUS WIFI,4214937,AM5,ATX,192,4,ĐEN / XÁM,DDR5,PCIe 5.0 x4; PCIe 4.0 x4,sata_6_gb_s,PCIe 4.0 x16,assets/images/motherboard_motherboard_asus_prime_b650_plus_wifi.png
Gigabyte A520M H (rev. 1.x),2897687,AM4,Micro ATX,64,2,ĐEN,DDR4,SATA / PCIe 3.0 x4/x2,sata_6_gb_s,PCIe 3.0 x16,assets/images/motherboard_motherboard_gigabyte_a520m_h_rev_1_x.png
Asus Z370 ROG Strix Z370-H Gaming DDR4 ATX,9707869,LGA 1151,ATX,64,4,ĐEN / ĐỎ,DDR4,PCIe 4.0 x4,sata_6_gb_s,PCIe 4.0 x16,assets/images/motherboard_motherboard_asus_z370_rog_strix_z370_h_gaming_ddr4_atx.png
Gigabyte B850 AI TOP AM5 DDR5 ATX,6129691,AM5,ATX,256,4,ĐEN,DDR5,PCIe 4.0 x4,,PCIe 4.0 x16,assets/images/motherboard_motherboard_gigabyte_b850_ai_top_am5_ddr5_atx.png
Asus Z890 MAX GAMING WIFI7 DDR5 ATX,8693587,LGA 1851,ATX,256,4,XÁM / ĐEN,DDR5,PCIe 4.0 x4,sata_6_gb_s,PCIe 4.0 x16,assets/images/motherboard_motherboard_asus_z890_max_gaming_wifi7_ddr5_atx.png
Asus PRIME B650M-A II-CSM,4214937,AM5,Micro ATX,192,4,XÁM / ĐEN,DDR5,PCIe 4.0 x4,,PCIe 4.0 x16,assets/images/motherboard_motherboard_asus_prime_b650m_a_ii_csm.png
ASRock B360M ITX/ac DDR4 Mini ITX,8469918,LGA 1151,Mini-ITX,32,2,ĐEN / XÁM,DDR4,PCIe 4.0 x4,sata_6_gb_s,PCIe 4.0 x16,assets/images/motherboard_motherboard_asrock_b360m_itx_ac_ddr4_mini_itx.png
Gigabyte Z390 AORUS ULTRA ATX LGA1151,7007770,LGA 1151,ATX,128,4,,DDR4,PCIe 4.0 x4,sata_6_gb_s,PCIe 4.0 x16,assets/images/motherboard_motherboard_gigabyte_z390_aorus_ultra_atx_lga1151.png
Asus B150 M-A/M.2 LGA1151 DDR4 Micro ATX,4564271,LGA 1151,Micro ATX,64,4,ĐEN / VÀNG,DDR4,PCIe 4.0 x4,sata_6_gb_s,PCIe 4.0 x16,assets/images/motherboard_motherboard_asus_b150_m_a_m_2_lga1151_ddr4_micro_atx.png
Supermicro Intel C602 X9SRA LGA2011 DDR3 ATX,19495300,LGA 2011,ATX,64,8,ĐEN / XANH LÁ,DDR3,,sata_3_gb_s; sata_6_gb_s,PCIe 4.0 x16; PCIe 4.0 x8,assets/images/motherboard_motherboard_supermicro_intel_c602_x9sra_lga2011_ddr3_atx.png
Gigabyte AMD 970 GA-970A-DS3 AM3+ DDR3 ATX,3746259,AM3+,ATX,32,4,XANH DƯƠNG / TRẮNG,DDR3,,sata_6_gb_s,PCIe 4.0 x16,assets/images/motherboard_motherboard_gigabyte_amd_970_ga_970a_ds3_am3_ddr3_atx.png
Biostar Z590 MHP DDR4 Micro ATX,4465478,LGA 1200,Micro ATX,64,2,ĐEN / XÁM,DDR4,PCIe 4.0 x4,,PCIe 4.0 x16,assets/images/motherboard_motherboard_biostar_z590_mhp_ddr4_micro_atx.png
Asus Z270 TUF MARK 1 DDR4 ATX LGA1151,9707869,LGA 1151,ATX,64,4,XANH LÁ / NÂU / ĐEN,DDR4,PCIe 4.0 x4,sata_6_gb_s,PCIe 4.0 x16,assets/images/motherboard_motherboard_asus_z270_tuf_mark_1_ddr4_atx_lga1151.png
MSI Z270 GAMING M5 DDR4 ATX,10295099,LGA 1151,ATX,64,4,ĐEN / XÁM,DDR4,PCIe 4.0 x4,sata_6_gb_s,PCIe 4.0 x16,assets/images/motherboard_motherboard_msi_z270_gaming_m5_ddr4_atx.png
MSI Z790 MPG EDGE MONSTER HUNTER EDITION DDR5 ATX,6306466,LGA 1700,ATX,256,4,ĐEN / ĐỎ,DDR5,PCIe 4.0 x4,sata_6_gb_s,PCIe 4.0 x16,assets/images/motherboard_motherboard_msi_z790_mpg_edge_monster_hunter_edition_ddr5_atx.png
Asus Z270 MAXIMUS IX APEX LGA1151 DDR4 EATX,17124250,LGA 1151,EATX,32,2,ĐEN / XÁM,DDR4,PCIe 4.0 x4,sata_6_gb_s,PCIe 4.0 x16,assets/images/motherboard_motherboard_asus_z270_maximus_ix_apex_lga1151_ddr4_eatx.png
ASUS TUF GAMING B850-BTF WIFI W,7376337,AM5,ATX,256,4,TRẮNG / XÁM,DDR5,PCIe 4.0 x4,,PCIe 4.0 x16,assets/images/motherboard_motherboard_asus_tuf_gaming_b850_btf_wifi_w.png
Gigabyte B760 DS3H AX DDR5 ATX,6913982,LGA 1700,ATX,256,4,XÁM / ĐEN,DDR5,PCIe 4.0 x4,sata_6_gb_s,PCIe 5.0 x16; PCIe 5.0 x16,assets/images/motherboard_motherboard_gigabyte_b760_ds3h_ax_ddr5_atx.png
MSI B650 GAMING PLUS WIFI DDR5 ATX,6452944,AM5,ATX,256,4,ĐEN,DDR5,PCIe 4.0 x4,sata_6_gb_s,PCIe 4.0 x16,assets/images/motherboard_motherboard_msi_b650_gaming_plus_wifi_ddr5_atx.png
MSI MAG Z890 TOMAHAWK WIFI,6322537,LGA 1851,ATX,256,4,ĐEN / VÀNG,DDR5,PCIe 4.0 x4,,PCIe 4.0 x16,assets/images/motherboard_motherboard_msi_mag_z890_tomahawk_wifi.png
ASRock 990FX Killer/3.1 DDR3 ATX,3361622,AM3+,ATX,64,4,ĐEN / ĐỎ,DDR3,PCIe 4.0 x4,sata_6_gb_s,PCIe 4.0 x16,assets/images/motherboard_motherboard_asrock_990fx_killer_3_1_ddr3_atx.png
Gigabyte B360M HD3 DDR4 Micro ATX LGA1151,6849437,LGA 1151,Micro ATX,32,2,XÁM / ĐEN,DDR4,PCIe 4.0 x4,sata_6_gb_s,PCIe 4.0 x16,assets/images/motherboard_motherboard_gigabyte_b360m_hd3_ddr4_micro_atx_lga1151.png
MSI X299 TOMAHAWK ARCTIC DDR4 ATX,12882705,LGA 2066,ATX,256,8,TRẮNG / XÁM,DDR4,PCIe 4.0 x4,sata_6_gb_s,PCIe 4.0 x16,assets/images/motherboard_motherboard_msi_x299_tomahawk_arctic_ddr4_atx.png
ASRock Z890 Phantom Gaming Nova WiFi DDR5 ATX,5268737,LGA 1851,ATX,256,4,ĐEN,DDR5,PCIe 4.0 x4,,PCIe 4.0 x16,assets/images/motherboard_motherboard_asrock_z890_phantom_gaming_nova_wifi_ddr5_atx.png
Asus A520 PRIME M-R-CSM AM4 DDR4 Micro ATX,3815546,AM4,Micro ATX,64,2,XÁM / ĐEN,DDR4,PCIe 4.0 x4,sata_6_gb_s,PCIe 4.0 x16,assets/images/motherboard_motherboard_asus_a520_prime_m_r_csm_am4_ddr4_micro_atx.png
MSI B460M MAG BAZOOKA DDR4 Micro ATX,7903237,LGA 1200,Micro ATX,128,4,ĐEN / XÁM,DDR4,PCIe 4.0 x4,sata_6_gb_s,PCIe 4.0 x16,assets/images/motherboard_motherboard_msi_b460m_mag_bazooka_ddr4_micro_atx.png
Asus B450 PRIME B450-PLUS AM4 DDR4 ATX,7093918,AM4,ATX,64,4,ĐEN / XÁM,DDR4,PCIe 4.0 x4,,PCIe 4.0 x16,assets/images/motherboard_motherboard_asus_b450_prime_b450_plus_am4_ddr4_atx.png
Gigabyte Z890 AORUS ELITE X ICE DDR5 ATX,5928942,LGA 1851,ATX,256,4,TRẮNG / XÁM,DDR5,PCIe 4.0 x4,,PCIe 4.0 x16,assets/images/motherboard_motherboard_gigabyte_z890_aorus_elite_x_ice_ddr5_atx.png
Gigabyte GA-H87-HD3 ATX LGA1150,10853613,LGA 1150,ATX,32,4,,DDR3,,sata_6_gb_s,PCIe 4.0 x16,assets/images/motherboard_motherboard_gigabyte_ga_h87_hd3_atx_lga1150.png
ASRock A520 A520M-HDVP/DASH AM4 DDR4 Micro ATX,2588133,AM4,Micro ATX,64,2,ĐEN / XÁM,DDR4,PCIe 4.0 x4,sata_6_gb_s,PCIe 4.0 x16,assets/images/motherboard_motherboard_asrock_a520_a520m_hdvp_dash_am4_ddr4_micro_atx.png
Asus Z270 ROG STRIX Z270G GAMING DDR4 Micro ATX,4564271,LGA 1151,Micro ATX,64,4,ĐEN / XÁM,DDR4,PCIe 4.0 x4,sata_6_gb_s,PCIe 4.0 x16,assets/images/motherboard_motherboard_asus_z270_rog_strix_z270g_gaming_ddr4_micro_atx.png
Asus H610 PRIME H610M-K LGA1700 DDR5 Micro ATX,4858808,LGA 1700,Micro ATX,96,2,ĐEN,DDR5,PCIe 4.0 x4,,PCIe 4.0 x16,assets/images/motherboard_motherboard_asus_h610_prime_h610m_k_lga1700_ddr5_micro_atx.png
Asus 990FX TUF SABERTOOTH R3.0 DDR3 ATX,3746259,AM3+,ATX,32,4,ĐEN,DDR3,PCIe 4.0 x4,sata_6_gb_s,PCIe 4.0 x16,assets/images/motherboard_motherboard_asus_990fx_tuf_sabertooth_r3_0_ddr3_atx.png
ASRock Z390 STEEL LEGEND DDR4 ATX,11012210,LGA 1151,ATX,128,4,XÁM / ĐEN,DDR4,PCIe 4.0 x4,sata_6_gb_s,PCIe 4.0 x16,assets/images/motherboard_motherboard_asrock_z390_steel_legend_ddr4_atx.png
Asus H510 PRIME H510M-A R2.0 DDR4 Micro ATX,4097965,LGA 1200,Micro ATX,64,2,XÁM / ĐEN,DDR4,PCIe 4.0 x4,sata_6_gb_s,PCIe 4.0 x16,assets/images/motherboard_motherboard_asus_h510_prime_h510m_a_r2_0_ddr4_micro_atx.png
Asus B250F STRIX GAMING DDR4 ATX,9707869,LGA 1151,ATX,64,4,ĐEN / XÁM,DDR4,PCIe 4.0 x4,sata_6_gb_s,PCIe 4.0 x16,assets/images/motherboard_motherboard_asus_b250f_strix_gaming_ddr4_atx.png
Asus PRIME B550M-A WI-FI DDR4 Micro ATX [Delete],3815546,AM4,Micro ATX,128,4,ĐEN / TRẮNG,DDR4,PCIe 4.0 x4,,PCIe 4.0 x16,assets/images/motherboard_motherboard_asus_prime_b550m_a_wi_fi_ddr4_micro_atx_delete.png
MSI B560M PRO DDR4 Micro ATX,7903237,LGA 1200,Micro ATX,64,2,ĐEN,DDR4,PCIe 4.0 x4,sata_6_gb_s,PCIe 4.0 x16,assets/images/motherboard_motherboard_msi_b560m_pro_ddr4_micro_atx.png
ASUS B760M-AYW WIFI II,4858808,LGA 1700,Micro ATX,96,2,ĐEN / XÁM,DDR5,PCIe 4.0 x4,sata_6_gb_s,PCIe 5.0 x16,assets/images/motherboard_motherboard_asus_b760m_ayw_wifi_ii.png
MSI Z170A MPOWER GAMING TITANIUM DDR4 ATX,10295099,LGA 1151,ATX,64,4,XÁM / ĐEN,DDR4,PCIe 4.0 x4,u2,PCIe 4.0 x16,assets/images/motherboard_motherboard_msi_z170a_mpower_gaming_titanium_ddr4_atx.png
ASRock Z590 Phantom Gaming-ITX/TB4 DDR4 Mini ITX,12619255,LGA 1200,Mini-ITX,64,2,ĐEN / ĐỎ,DDR4,PCIe 4.0 x4,sata_6_gb_s,PCIe 4.0 x16,assets/images/motherboard_motherboard_asrock_z590_phantom_gaming_itx_tb4_ddr4_mini_itx.png
MSI Z590 MPG Z590M GAMING EDGE WIFI LGA1200 DDR4 Micro ATX,7903237,LGA 1200,Micro ATX,128,4,ĐEN,DDR4,PCIe 4.0 x4,sata_6_gb_s,PCIe 4.0 x16,assets/images/motherboard_motherboard_msi_z590_mpg_z590m_gaming_edge_wifi_lga1200_ddr4_micro_atx.png
MSI B850M MAG MORTAR WIFI AM5 DDR5 Micro ATX,4992114,AM5,Micro ATX,256,4,ĐEN / XANH LÁ,DDR5,PCIe 4.0 x4,sata_6_gb_s,PCIe 5.0 x16,assets/images/motherboard_motherboard_msi_b850m_mag_mortar_wifi_am5_ddr5_micro_atx.png
Asus H610 PRIME M-D D4 LGA1700 DDR4 Micro ATX,4858808,LGA 1700,Micro ATX,64,2,XÁM / ĐEN,DDR4,PCIe 4.0 x4,sata_6_gb_s,PCIe 4.0 x16,assets/images/motherboard_motherboard_asus_h610_prime_m_d_d4_lga1700_ddr4_micro_atx.png
ASRock Z590M-ITX/ax LGA 1200 Mini ITX Intel Motherboard,12619255,LGA 1200,Mini-ITX,64,2,,DDR4,PCIe 4.0 x4; PCIe 3.0 x4,sata_6_gb_s,PCIe 4.0 x16,assets/images/motherboard_motherboard_asrock_z590m_itx_ax_lga_1200_mini_itx_intel_motherboard.png
ASRock Z590 Extreme LGA1200 DDR4 ATX,20924516,LGA 1200,ATX,128,4,ĐEN / XANH DƯƠNG,DDR4,PCIe 4.0 x4,sata_6_gb_s,PCIe 4.0 x16,assets/images/motherboard_motherboard_asrock_z590_extreme_lga1200_ddr4_atx.png
ASRock X470 Taichi ATX AM4,4873562,AM4,ATX,64,4,,DDR4,PCIe 4.0 x4,sata_6_gb_s,PCIe 4.0 x16,assets/images/motherboard_motherboard_asrock_x470_taichi_atx_am4.png
MSI H110 H110M PRO-D DDR4 Micro ATX,6849437,LGA 1151,Micro ATX,32,2,ĐEN / XÁM,DDR4,,sata_6_gb_s,PCIe 4.0 x16,assets/images/motherboard_motherboard_msi_h110_h110m_pro_d_ddr4_micro_atx.png
Gigabyte AMD X370 GA-AX370-GAMING 5 DDR4 ATX,7297565,AM4,ATX,64,4,ĐEN / TRẮNG,DDR4,PCIe 4.0 x4,sata_6_gb_s,PCIe 4.0 x16,assets/images/motherboard_motherboard_gigabyte_amd_x370_ga_ax370_gaming_5_ddr4_atx.png
Asus H610 PRIME H610I-PLUS D4-CSM DDR4 Mini ITX,5870720,LGA 1700,Mini-ITX,64,2,XÁM / ĐEN,DDR4,PCIe 4.0 x4,,PCIe 4.0 x16,assets/images/motherboard_motherboard_asus_h610_prime_h610i_plus_d4_csm_ddr4_mini_itx.png
Gigabyte Z270 GA-Z270XP-SLI DDR4 ATX,7007770,LGA 1151,ATX,64,4,ĐEN / ĐỎ,DDR4,PCIe 4.0 x4,sata_6_gb_s,PCIe 4.0 x16,assets/images/motherboard_motherboard_gigabyte_z270_ga_z270xp_sli_ddr4_atx.png
B460M D3H,4465478,LGA 1200,Micro ATX,128,4,,DDR4,SATA and PCIe x4/x2,sata_6_gb_s,PCIe 3.0 x16,assets/images/motherboard_motherboard_b460m_d3h.png
Biostar B550 MXC PRO DDR4 Micro ATX,2925612,AM4,Micro ATX,128,4,NÂU / ĐEN,DDR4,PCIe 4.0 x4,sata_6_gb_s,PCIe 4.0 x16,assets/images/motherboard_motherboard_biostar_b550_mxc_pro_ddr4_micro_atx.png
MSI B350I PRO AC AM4 DDR4 Mini ITX,3952013,AM4,Mini-ITX,32,2,NÂU / ĐEN,DDR4,PCIe 4.0 x4,sata_6_gb_s,PCIe 4.0 x16,assets/images/motherboard_motherboard_msi_b350i_pro_ac_am4_ddr4_mini_itx.png
Colorful X570M CVN GAMING FROZEN V14 AM4 DDR4 Micro ATX,2925612,AM4,Micro ATX,128,4,TRẮNG,DDR4,PCIe 4.0 x4,sata_6_gb_s,PCIe 4.0 x16,assets/images/motherboard_motherboard_colorful_x570m_cvn_gaming_frozen_v14_am4_ddr4_micro_atx.png
Gigabyte H110M GA-H110M-S2H GSM DDR4 Micro ATX,6849437,LGA 1151,Micro ATX,32,2,NÂU / ĐEN,DDR4,,sata_6_gb_s,PCIe 4.0 x16,assets/images/motherboard_motherboard_gigabyte_h110m_ga_h110m_s2h_gsm_ddr4_micro_atx.png
Asus Z270 PRIME AR DDR4 ATX,9707869,LGA 1151,ATX,64,4,ĐEN / TRẮNG,DDR4,PCIe 4.0 x4,sata_6_gb_s,PCIe 4.0 x16,assets/images/motherboard_motherboard_asus_z270_prime_ar_ddr4_atx.png
ASUS TUF Gaming Z590-PLUS WIFI DDR4 ATX,12592910,LGA 1200,ATX,128,4,XÁM / ĐEN,DDR4,PCIe 4.0 x4,,PCIe 4.0 x16,assets/images/motherboard_motherboard_asus_tuf_gaming_z590_plus_wifi_ddr4_atx.png
ASUS ROG Strix B850-I Gaming WiFi7 W,7903237,AM5,Mini-ITX,128,2,TRẮNG / XÁM,DDR5,PCIe 5.0 x4,sata_6_gb_s,PCIe 5.0 x16,assets/images/motherboard_motherboard_asus_rog_strix_b850_i_gaming_wifi7_w.png
ASRock Z690M PG RIPTIDE/D5 DDR5 Micro ATX,3152443,LGA 1700,Micro ATX,192,4,ĐEN / XÁM,DDR5,PCIe 4.0 x4,sata_6_gb_s,PCIe 4.0 x16,assets/images/motherboard_motherboard_asrock_z690m_pg_riptide_d5_ddr5_micro_atx.png
MSI X299 GAMING PRO CARBON LGA2066 DDR4 ATX,12882705,LGA 2066,ATX,128,8,ĐEN / XÁM,DDR4,PCIe 4.0 x4,sata_6_gb_s,PCIe 4.0 x16,assets/images/motherboard_motherboard_msi_x299_gaming_pro_carbon_lga2066_ddr4_atx.png
ASRock B350 AB350M-HDV DDR4 Micro ATX,2588133,AM4,Micro ATX,32,2,ĐEN / TRẮNG,DDR4,PCIe 4.0 x4,sata_6_gb_s,PCIe 4.0 x16,assets/images/motherboard_motherboard_asrock_b350_ab350m_hdv_ddr4_micro_atx.png
ASUS TUF GAMING B760M-PLUS WIFI II,6949021,LGA 1700,Micro ATX,192,4,ĐEN / CAM,DDR5,PCIe 4.0 x4,,PCIe 4.0 x16,assets/images/motherboard_motherboard_asus_tuf_gaming_b760m_plus_wifi_ii.png
MSI X470 GAMING M7 AC AM4 DDR4 ATX,9905720,AM4,ATX,64,4,ĐEN / XÁM,DDR4,PCIe 4.0 x4,sata_6_gb_s,PCIe 4.0 x16,assets/images/motherboard_motherboard_msi_x470_gaming_m7_ac_am4_ddr4_atx.png
Asus Z890 ROG MAXIMUS HERO BTF LGA1851 DDR5 ATX,8693587,LGA 1851,ATX,256,4,ĐEN,DDR5,PCIe 4.0 x4,,,assets/images/motherboard_motherboard_asus_z890_rog_maximus_hero_btf_lga1851_ddr5_atx.png
MSI B365 PRO-VDH DDR4 Micro ATX,6849437,LGA 1151,Micro ATX,64,4,ĐEN / XÁM,DDR4,PCIe 4.0 x4,,PCIe 4.0 x16,assets/images/motherboard_motherboard_msi_b365_pro_vdh_ddr4_micro_atx.png
ASUS TUF GAMING B550M-E,3815546,AM4,Micro ATX,128,4,,DDR4,PCIe 4.0 x4,sata_6_gb_s,PCIe 4.0 x16,assets/images/motherboard_motherboard_asus_tuf_gaming_b550m_e.png
Asus TUF GAMING B650-E WIFI,5268737,AM5,ATX,192,4,ĐEN / CAM,DDR5,PCIe 4.0 x4,,PCIe 4.0 x16,assets/images/motherboard_motherboard_asus_tuf_gaming_b650_e_wifi.png
MSI B150M BAZOOKA LGA1151 DDR4 Micro ATX,6849437,LGA 1151,Micro ATX,64,4,ĐEN / TRẮNG,DDR4,,sata_6_gb_s,PCIe 4.0 x16,assets/images/motherboard_motherboard_msi_b150m_bazooka_lga1151_ddr4_micro_atx.png
ASRock Z890M Riptide WiFi DDR5 Micro ATX,3951487,LGA 1851,Micro ATX,256,4,ĐEN / XÁM,DDR5,PCIe 4.0 x4,,PCIe 4.0 x16,assets/images/motherboard_motherboard_asrock_z890m_riptide_wifi_ddr5_micro_atx.png
MSI Z690 MEG UNIFY-X DDR5 ATX,6306466,LGA 1700,ATX,96,2,ĐEN / XÁM,DDR5,PCIe 4.0 x4,sata_6_gb_s,PCIe 4.0 x16,assets/images/motherboard_motherboard_msi_z690_meg_unify_x_ddr5_atx.png
Gigabyte B650E AORUS TACHYON DDR5 ATX,6129691,AM5,ATX,96,2,XÁM / ĐEN,DDR5,PCIe 4.0 x4,sata_6_gb_s,PCIe 4.0 x16,assets/images/motherboard_motherboard_gigabyte_b650e_aorus_tachyon_ddr5_atx.png
EVGA P55 P55V LGA1156 DDR3 Micro ATX,3284958,LGA 1156,Micro ATX,16,4,ĐEN / XÁM,DDR3,,,PCIe 4.0 x16,assets/images/motherboard_motherboard_evga_p55_p55v_lga1156_ddr3_micro_atx.png
Gigabyte Z97 GA-Z97M-D3H LGA1150 DDR3 Micro ATX,7561015,LGA 1150,Micro ATX,32,4,ĐEN / VÀNG,DDR3,,,PCIe 4.0 x16,assets/images/motherboard_motherboard_gigabyte_z97_ga_z97m_d3h_lga1150_ddr3_micro_atx.png
MSI A520 A520M PRO-VDH DDR4 Micro ATX,2897950,AM4,Micro ATX,128,4,NÂU / ĐEN,DDR4,PCIe 4.0 x4,sata_6_gb_s,PCIe 4.0 x16,assets/images/motherboard_motherboard_msi_a520_a520m_pro_vdh_ddr4_micro_atx.png
PRO Z690-A WIFI DDR4,7310738,LGA 1700,ATX,128,4,,DDR4,PCIe 4.0 x4,sata_6_gb_s,PCIe 5.0 x16,assets/images/motherboard_motherboard_pro_z690_a_wifi_ddr4.png
Gigabyte AMD 785G GA-MA785GM-US2H AM3/AM2+/AM2 DDR2 Micro ATX,5268737,AM3,Micro ATX,16,4,RGB,DDR2,,sata_3_gb_s,PCIe 4.0 x16,assets/images/motherboard_motherboard_gigabyte_amd_785g_ga_ma785gm_us2h_am3_am2_am2_ddr2_micro_atx.png
Gigabyte Z170X UD3 DDR4 ATX,7007770,LGA 1151,ATX,64,4,ĐEN / VÀNG,DDR4,PCIe 4.0 x4,sata_6_gb_s,PCIe 4.0 x16,assets/images/motherboard_motherboard_gigabyte_z170x_ud3_ddr4_atx.png
Asus H87 PLUS LGA1150 DDR3 ATX,10853613,LGA 1150,ATX,32,4,ĐEN / VÀNG,DDR3,,sata_6_gb_s,PCIe 4.0 x16,assets/images/motherboard_motherboard_asus_h87_plus_lga1150_ddr3_atx.png
Gigabyte H370M DS3H DDR4 Micro ATX,6849437,LGA 1151,Micro ATX,64,4,XÁM / ĐEN,DDR4,PCIe 4.0 x4,sata_6_gb_s,PCIe 4.0 x16,assets/images/motherboard_motherboard_gigabyte_h370m_ds3h_ddr4_micro_atx.png
Gigabyte H170 GA-H170-D3HP LGA1151 DDR4 ATX,7007770,LGA 1151,ATX,64,4,ĐEN / VÀNG,DDR4,PCIe 4.0 x4,sata_6_gb_s,PCIe 4.0 x16,assets/images/motherboard_motherboard_gigabyte_h170_ga_h170_d3hp_lga1151_ddr4_atx.png
MSI B850 PRO B850-VC WIFI6E AM5 DDR5 ATX,6452944,AM5,ATX,256,4,ĐEN,DDR5,PCIe 4.0 x4,,PCIe 4.0 x16,assets/images/motherboard_motherboard_msi_b850_pro_b850_vc_wifi6e_am5_ddr5_atx.png
MSI AMD 970 970A GAMING PRO CARBON AM3+/AM3 DDR3 ATX,3746259,AM3+,ATX,32,4,ĐEN / XÁM,DDR3,PCIe 4.0 x4,,PCIe 4.0 x16,assets/images/motherboard_motherboard_msi_amd_970_970a_gaming_pro_carbon_am3_am3_ddr3_atx.png
Asus H610 PRIME H610M-E LGA1700 DDR5 Micro ATX,4858808,LGA 1700,Micro ATX,96,2,XÁM / ĐEN,DDR5,PCIe 4.0 x4,sata_6_gb_s,PCIe 4.0 x16,assets/images/motherboard_motherboard_asus_h610_prime_h610m_e_lga1700_ddr5_micro_atx.png
Gigabyte H81 GA-H81M-S2PV DDR3 Micro ATX,7561015,LGA 1150,Micro ATX,16,2,ĐEN,DDR3,,sata_3_gb_s; sata_6_gb_s,PCIe 4.0 x16,assets/images/motherboard_motherboard_gigabyte_h81_ga_h81m_s2pv_ddr3_micro_atx.png
MSI MEG X870E GODLIKE X EDITION,21075737,AM5,EATX,256,4,ĐEN,DDR5,PCIe 5.0 x4; PCIe 4.0 x4; PCIe 4.0 x2,sata_6_gb_s,PCIe 5.0 x16; PCIe 5.0 x8,assets/images/motherboard_motherboard_msi_meg_x870e_godlike_x_edition.png
ASRock Z270 Pro4 LGA1151 DDR4 ATX,11012210,LGA 1151,ATX,64,4,ĐEN / TRẮNG,DDR4,PCIe 4.0 x4,sata_6_gb_s,PCIe 4.0 x16,assets/images/motherboard_motherboard_asrock_z270_pro4_lga1151_ddr4_atx.png
MSI C232 E3 KRAIT GAMING V5 LGA1151 DDR4 ATX,10295099,LGA 1151,ATX,64,4,ĐEN / TRẮNG,DDR4,PCIe 4.0 x4,,PCIe 4.0 x16,assets/images/motherboard_motherboard_msi_c232_e3_krait_gaming_v5_lga1151_ddr4_atx.png
Gigabyte P45 GA-EP45T-UD3LR DDR3 ATX,1933460,LGA 775,ATX,16,4,RGB,DDR3,,sata_3_gb_s,PCIe 4.0 x16,assets/images/motherboard_motherboard_gigabyte_p45_ga_ep45t_ud3lr_ddr3_atx.png
Asus TUF GAMING A520M-PLUS WIFI AM4 DDR4 Micro ATX,3815546,AM4,Micro ATX,128,4,ĐEN / CAM,DDR4,PCIe 3.0 x4,sata_6_gb_s,PCIe 3.0 x16,assets/images/motherboard_motherboard_asus_tuf_gaming_a520m_plus_wifi_am4_ddr4_micro_atx.png
Asus B365 ROG STRIX B365-F GAMING LGA1151 DDR4 ATX,9707869,LGA 1151,ATX,64,4,,DDR4,PCIe 4.0 x4,sata_6_gb_s,PCIe 4.0 x16,assets/images/motherboard_motherboard_asus_b365_rog_strix_b365_f_gaming_lga1151_ddr4_atx.png
ASRock X79 Extreme7 LGA2011 DDR3 ATX,17602412,LGA 2011,ATX,48,6,ĐEN / XÁM,DDR3,,sata_3_gb_s; sata_6_gb_s,PCIe 4.0 x16,assets/images/motherboard_motherboard_asrock_x79_extreme7_lga2011_ddr3_atx.png
MSI X470 GAMING PLUS AM4 DDR4 ATX,9905720,AM4,ATX,128,4,ĐỎ / ĐEN,DDR4,PCIe 4.0 x4,,PCIe 4.0 x16,assets/images/motherboard_motherboard_msi_x470_gaming_plus_am4_ddr4_atx.png
ASUS PRIME B760M-R D4-CSM,4858808,LGA 1700,Micro ATX,64,2,ĐEN / XÁM,DDR4,PCIe 4.0 x4,sata_6_gb_s,PCIe 4.0 x16,assets/images/motherboard_motherboard_asus_prime_b760m_r_d4_csm.png
MSI MPG X870E CARBON MAX WIFI,6452944,AM5,ATX,256,4,RGB / ĐEN,DDR5,PCIe 5.0 x4; PCIe 4.0 x4,sata_6_gb_s,PCIe 5.0 x16; PCIe 5.0 x8,assets/images/motherboard_motherboard_msi_mpg_x870e_carbon_max_wifi.png
MSI B650 PRO B650M-A AM5 DDR5 Micro ATX,4992114,AM5,Micro ATX,192,4,ĐEN / XÁM,DDR5,PCIe 4.0 x4,sata_6_gb_s,PCIe 4.0 x16,assets/images/motherboard_motherboard_msi_b650_pro_b650m_a_am5_ddr5_micro_atx.png
MSI MPG Z390M GAMING EDGE AC LGA 1151 (300 Series) Intel Z390 SATA 6Gb/s Micro ATX Intel Motherboard,6849437,LGA 1151,Micro ATX,128,4,,DDR4,PCIe 3.0 x4 and SATA 6Gb/s,sata_6_gb_s,PCIe 3.0 x16,assets/images/motherboard_motherboard_msi_mpg_z390m_gaming_edge_ac_lga_1151_300_series_intel_z390_sata_6gb_s_micro_atx_intel_motherboard.png
Asus Z170 MAXIMUS VIII EXTREME LGA1151 WIFI DDR4 EATX,17124250,LGA 1151,EATX,64,4,ĐEN / ĐỎ,DDR4,PCIe 4.0 x4,sata_6_gb_s,PCIe 4.0 x16,assets/images/motherboard_motherboard_asus_z170_maximus_viii_extreme_lga1151_wifi_ddr4_eatx.png
Gigabyte B450 M S2H DDR4 Micro ATX,2897687,AM4,Micro ATX,32,2,ĐEN,DDR4,PCIe 4.0 x4,,PCIe 4.0 x16,assets/images/motherboard_motherboard_gigabyte_b450_m_s2h_ddr4_micro_atx.png
MSI A320M-A PRO,2897950,AM4,Micro ATX,32,2,,DDR4,PCIe 3.0 x4,sata_6_gb_s,PCIe 3.0 x16,assets/images/motherboard_motherboard_msi_a320m_a_pro.png
Gigabyte Z370 AORUS GAMING WIFI (rev. 1.0) DDR4 ATX,7007770,LGA 1151,ATX,64,4,ĐEN / ĐỎ,DDR4,PCIe 4.0 x4,sata_6_gb_s,PCIe 4.0 x16,assets/images/motherboard_motherboard_gigabyte_z370_aorus_gaming_wifi_rev_1_0_ddr4_atx.png
ASUS PRIME B460-PLUS LGA 1200 Intel B460 SATA 6Gb/s ATX Intel Motherboard,12592910,LGA 1200,ATX,128,4,,DDR4,PCIE 3.0 x4 & SATA; PCIE 3.0 x4,sata_6_gb_s,PCIe 3.0 x16,assets/images/motherboard_motherboard_asus_prime_b460_plus_lga_1200_intel_b460_sata_6gb_s_atx_intel_motherboard.png
Asus H610 PRIME H610I-PLUS DDR5 Mini ITX,5870720,LGA 1700,Mini-ITX,96,2,ĐEN / XÁM,DDR5,PCIe 4.0 x4,sata_6_gb_s,PCIe 4.0 x16,assets/images/motherboard_motherboard_asus_h610_prime_h610i_plus_ddr5_mini_itx.png
MSI B560 M PRO-E DDR4 Micro ATX,7903237,LGA 1200,Micro ATX,64,2,ĐEN,DDR4,PCIe 4.0 x4,,PCIe 4.0 x16,assets/images/motherboard_motherboard_msi_b560_m_pro_e_ddr4_micro_atx.png
Asus Z390 PRIME Z390M-PLUS DDR4 Micro ATX,4564271,LGA 1151,Micro ATX,128,4,TRẮNG / ĐEN,DDR4,PCIe 4.0 x4,sata_6_gb_s,PCIe 4.0 x16,assets/images/motherboard_motherboard_asus_z390_prime_z390m_plus_ddr4_micro_atx.png
ASRock H510M HDV/M.2 SE DDR4 Micro ATX,6559642,LGA 1200,Micro ATX,64,2,ĐEN / XÁM,DDR4,PCIe 4.0 x4,,PCIe 4.0 x16,assets/images/motherboard_motherboard_asrock_h510m_hdv_m_2_se_ddr4_micro_atx.png
MSI A520M MAG VECTOR WIFI AM4 DDR4 Micro ATX,2897950,AM4,Micro ATX,64,2,ĐEN,DDR4,PCIe 4.0 x4,sata_6_gb_s,PCIe 4.0 x16,assets/images/motherboard_motherboard_msi_a520m_mag_vector_wifi_am4_ddr4_micro_atx.png
MSI Z590 MEG UNIFY-X DDR4 ATX,10294045,LGA 1200,ATX,128,4,ĐEN,DDR4,PCIe 4.0 x4,sata_6_gb_s,PCIe 4.0 x16,assets/images/motherboard_motherboard_msi_z590_meg_unify_x_ddr4_atx.png
ASRock X79 Extreme6 LGA2011 DDR3 ATX,17602412,LGA 2011,ATX,64,8,ĐEN / XÁM,DDR3,,sata_3_gb_s; sata_6_gb_s,PCIe 4.0 x16,assets/images/motherboard_motherboard_asrock_x79_extreme6_lga2011_ddr3_atx.png
Asus H510 PRIME H510M-K DDR4 Micro ATX,4097965,LGA 1200,Micro ATX,64,2,ĐEN / XÁM,DDR4,PCIe 4.0 x4,,PCIe 4.0 x16,assets/images/motherboard_motherboard_asus_h510_prime_h510m_k_ddr4_micro_atx.png
Asus Z690 PRIME Z690-P DDR5 ATX,8166687,LGA 1700,ATX,192,4,XÁM / ĐEN,DDR5,PCIe 4.0 x4,sata_6_gb_s,PCIe 4.0 x16,assets/images/motherboard_motherboard_asus_z690_prime_z690_p_ddr5_atx.png
MSI B760M MAG MORTAR MAX WIFI DDR4 Micro ATX,4083212,LGA 1700,Micro ATX,128,4,XÁM / ĐEN,DDR4,PCIe 4.0 x4,sata_6_gb_s,PCIe 4.0 x16,assets/images/motherboard_motherboard_msi_b760m_mag_mortar_max_wifi_ddr4_micro_atx.png
ASUS PRIME B650M-A AX6 II,5532187,AM5,Micro ATX,192,4,XÁM / ĐEN,DDR5,PCIe 4.0 x4,,PCIe 4.0 x16,assets/images/motherboard_motherboard_asus_prime_b650m_a_ax6_ii.png
NZXT Z590 N7 LGA1200 DDR4 ATX,10537737,LGA 1200,ATX,128,4,TRẮNG,DDR4,PCIe 4.0 x4,sata_6_gb_s,PCIe 4.0 x16,assets/images/motherboard_motherboard_nzxt_z590_n7_lga1200_ddr4_atx.png
Asus A620 PRIME A620AM-K-CSM AM5 DDR5 Micro ATX,5532187,AM5,Micro ATX,128,2,ĐEN,DDR5,PCIe 4.0 x4,,PCIe 4.0 x16,assets/images/motherboard_motherboard_asus_a620_prime_a620am_k_csm_am5_ddr5_micro_atx.png
MSI Z590 MPG GAMING FORCE DDR4 ATX,10294045,LGA 1200,ATX,128,4,ĐEN,DDR4,PCIe 4.0 x4,sata_6_gb_s,PCIe 4.0 x16,assets/images/motherboard_motherboard_msi_z590_mpg_gaming_force_ddr4_atx.png
Gigabyte B840M D2H AM5 DDR5 Micro ATX,4466531,AM5,Micro ATX,128,2,XÁM / ĐEN,DDR5,PCIe 4.0 x4,sata_6_gb_s,PCIe 4.0 x16,assets/images/motherboard_motherboard_gigabyte_b840m_d2h_am5_ddr5_micro_atx.png
Gigabyte B760M GAMING WIFI DDR5 Micro ATX,4220206,LGA 1700,Micro ATX,128,2,XÁM / ĐEN,DDR5,PCIe 4.0 x4,sata_6_gb_s,PCIe 4.0 x16,assets/images/motherboard_motherboard_gigabyte_b760m_gaming_wifi_ddr5_micro_atx.png
ASUS ROG STRIX Z490-G GAMING (WiFi 6),4097965,LGA 1200,Micro ATX,128,4,,DDR4,PCIE 3.0 x4; SATA & PCIE 3.0 x4,sata_6_gb_s,PCIe 3.0 x16,assets/images/motherboard_motherboard_asus_rog_strix_z490_g_gaming_wifi_6.png
Gigabyte B250 GA-B250M-Gaming 3 DDR4 Micro ATX,6849437,LGA 1151,Micro ATX,64,4,ĐEN / ĐỎ,DDR4,PCIe 4.0 x4,sata_6_gb_s,PCIe 4.0 x16,assets/images/motherboard_motherboard_gigabyte_b250_ga_b250m_gaming_3_ddr4_micro_atx.png
Asus H310 PRIME H310M-C/CSM DDR4 Micro ATX,4564271,LGA 1151,Micro ATX,32,2,XANH LÁ / ĐEN,DDR4,PCIe 4.0 x4,sata_6_gb_s,PCIe 4.0 x16,assets/images/motherboard_motherboard_asus_h310_prime_h310m_c_csm_ddr4_micro_atx.png
ASRock B365M Pro4 DDR4 Micro ATX,6849437,LGA 1151,Micro ATX,64,4,ĐEN / XÁM,DDR4,PCIe 4.0 x4,,PCIe 4.0 x16,assets/images/motherboard_motherboard_asrock_b365m_pro4_ddr4_micro_atx.png
Sapphire NITRO+ B850A WIFI 7,6309628,AM5,ATX,256,4,ĐEN / XÁM,DDR5,PCIe 5.0 x4; PCIe 4.0 x4,sata_6_gb_s,PCIe 5.0 x16,assets/images/motherboard_motherboard_sapphire_nitro_b850a_wifi_7.png
Gigabyte B650 AORUS ELITE AX DDR5 ATX,6129691,AM5,ATX,192,4,ĐEN / XÁM,DDR5,PCIe 4.0 x4,,PCIe 4.0 x16,assets/images/motherboard_motherboard_gigabyte_b650_aorus_elite_ax_ddr5_atx.png
ASUS PRIME B760M-F WIFI-CSM,4858808,LGA 1700,Micro ATX,96,2,ĐEN / XÁM,DDR5,PCIe 4.0 x4,sata_6_gb_s,PCIe 5.0 x16,assets/images/motherboard_motherboard_asus_prime_b760m_f_wifi_csm.png
Gigabyte GA-A320M-S2H Micro ATX AM4,2897687,AM4,Micro ATX,32,2,,DDR4,NVMe PCIe 3.0 x4 & SATA Mode,sata_6_gb_s,PCIe 3.0 x16,assets/images/motherboard_motherboard_gigabyte_ga_a320m_s2h_micro_atx_am4.png
Gigabyte Z690 AORUS ELITE AX (rev. 1.4) DDR5 ATX,6913982,LGA 1700,ATX,128,4,ĐEN,DDR5,PCIe 4.0 x4,sata_6_gb_s,PCIe 4.0 x16,assets/images/motherboard_motherboard_gigabyte_z690_aorus_elite_ax_rev_1_4_ddr5_atx.png
Biostar B650 MT AM5 DDR5 Micro ATX,4572965,AM5,Micro ATX,96,2,ĐEN / XÁM,DDR5,PCIe 4.0 x4,sata_6_gb_s,PCIe 4.0 x16,assets/images/motherboard_motherboard_biostar_b650_mt_am5_ddr5_micro_atx.png
MSI B360M PRO-VD DDR4 Micro ATX,6849437,LGA 1151,Micro ATX,32,2,NÂU / ĐEN,DDR4,PCIe 4.0 x4,sata_6_gb_s,PCIe 4.0 x16,assets/images/motherboard_motherboard_msi_b360m_pro_vd_ddr4_micro_atx.png
Gigabyte Z170 GA-Z170MX-Gaming 5 DDR4 Micro ATX,6849437,LGA 1151,Micro ATX,64,4,ĐEN / ĐỎ,DDR4,PCIe 4.0 x4,sata_6_gb_s,PCIe 4.0 x16,assets/images/motherboard_motherboard_gigabyte_z170_ga_z170mx_gaming_5_ddr4_micro_atx.png
ASRock B460 M Pro4 LGA1200 DDR4 Micro ATX,6559642,LGA 1200,Micro ATX,128,4,ĐEN / XÁM,DDR4,PCIe 4.0 x4,sata_6_gb_s,PCIe 4.0 x16,assets/images/motherboard_motherboard_asrock_b460_m_pro4_lga1200_ddr4_micro_atx.png
Gigabyte B850 GAMING X WIFI6E AM5 DDR5 ATX,6129691,AM5,ATX,256,4,XÁM / ĐEN,DDR5,PCIe 4.0 x4,,PCIe 4.0 x16,assets/images/motherboard_motherboard_gigabyte_b850_gaming_x_wifi6e_am5_ddr5_atx.png
ASRock Z790 Nova WiFi DDR5 ATX,5327222,LGA 1700,ATX,192,4,ĐEN,DDR5,PCIe 4.0 x4,,PCIe 4.0 x16,assets/images/motherboard_motherboard_asrock_z790_nova_wifi_ddr5_atx.png
Asus ROG STRIX Z890-E GAMING WIFI DDR5 ATX,8693587,LGA 1851,ATX,192,4,ĐEN,DDR5,PCIe 4.0 x4,,PCIe 4.0 x16,assets/images/motherboard_motherboard_asus_rog_strix_z890_e_gaming_wifi_ddr5_atx.png
Asus B150 PRO GAMING/AURA DDR4 ATX,9707869,LGA 1151,ATX,64,4,ĐEN / ĐỎ,DDR4,PCIe 4.0 x4,sata_6_gb_s,PCIe 4.0 x16,assets/images/motherboard_motherboard_asus_b150_pro_gaming_aura_ddr4_atx.png
EVGA Z790 CLASSIFIED LGA1700 DDR5 EATX,13725482,LGA 1700,EATX,128,4,ĐEN,DDR5,PCIe 4.0 x4,sata_6_gb_s,PCIe 4.0 x16; PCIe 4.0 x8,assets/images/motherboard_motherboard_evga_z790_classified_lga1700_ddr5_eatx.png
ROG STRIX X870-F GAMING WIFI,6309628,AM5,ATX,192,4,,DDR5,PCIe 5.0 x4; PCIe 4.0 x4,sata_6_gb_s,PCIe 5.0 x16; PCIe 4.0 x16,assets/images/motherboard_motherboard_rog_strix_x870_f_gaming_wifi.png
Asus PRIME Z690-P WIFI D4 DDR4 ATX,8166687,LGA 1700,ATX,128,4,XÁM / ĐEN,DDR4,PCIe 4.0 x4,,PCIe 4.0 x16,assets/images/motherboard_motherboard_asus_prime_z690_p_wifi_d4_ddr4_atx.png
Gigabyte B860M H LGA1851 DDR5 Micro ATX,4478387,LGA 1851,Micro ATX,128,2,XÁM / ĐEN,DDR5,PCIe 4.0 x4,sata_6_gb_s,PCIe 4.0 x16,assets/images/motherboard_motherboard_gigabyte_b860m_h_lga1851_ddr5_micro_atx.png
ASUS B850M-E AYW GAMING WIFI-CSM,5532187,AM5,Micro ATX,128,2,TRẮNG / ĐEN / XÁM,DDR5,PCIe 5.0 x4; PCIe 4.0 x4,sata_6_gb_s,PCIe 4.0 x16,assets/images/motherboard_motherboard_asus_b850m_e_ayw_gaming_wifi_csm.png
Biostar A320 MH DDR4 Micro ATX,2925612,AM4,Micro ATX,32,2,ĐEN / VÀNG,DDR4,,,PCIe 4.0 x16,assets/images/motherboard_motherboard_biostar_a320_mh_ddr4_micro_atx.png
Gigabyte B760M AORUS ELITE LGA1700 DDR5 Micro ATX,4220206,LGA 1700,Micro ATX,192,4,ĐEN / XÁM,DDR5,PCIe 4.0 x4,sata_6_gb_s,PCIe 4.0 x16,assets/images/motherboard_motherboard_gigabyte_b760m_aorus_elite_lga1700_ddr5_micro_atx.png
MSI B660M MAG BAZOOKA DDR4 Micro ATX,4083212,LGA 1700,Micro ATX,128,4,XANH LÁ / ĐEN,DDR4,PCIe 4.0 x4,sata_6_gb_s,PCIe 4.0 x16,assets/images/motherboard_motherboard_msi_b660m_mag_bazooka_ddr4_micro_atx.png
Asus Z590 PRIME V DDR4 ATX,12592910,LGA 1200,ATX,128,4,XÁM / ĐEN,DDR4,PCIe 4.0 x4,sata_6_gb_s,PCIe 4.0 x16,assets/images/motherboard_motherboard_asus_z590_prime_v_ddr4_atx.png
Gigabyte Z890 AORUS MASTER AI TOP DDR5 EATX,21589464,LGA 1851,EATX,256,4,ĐEN / XÁM,DDR5,PCIe 4.0 x4,sata_6_gb_s,PCIe 4.0 x16,assets/images/motherboard_motherboard_gigabyte_z890_aorus_master_ai_top_ddr5_eatx.png
Asus AMD 760G M5A78L-M LX PLUS AM3+ DDR3 Micro ATX,6638413,AM3+,Micro ATX,16,2,ĐEN / XANH DƯƠNG,DDR3,,sata_3_gb_s,PCIe 4.0 x16,assets/images/motherboard_motherboard_asus_amd_760g_m5a78l_m_lx_plus_am3_ddr3_micro_atx.png
Gigabyte H110M S2H DDR4 Micro ATX,6849437,LGA 1151,Micro ATX,32,2,ĐEN,DDR4,,sata_6_gb_s,PCIe 4.0 x16,assets/images/motherboard_motherboard_gigabyte_h110m_s2h_ddr4_micro_atx.png
MSI Z790 GAMING WIFI DDR5 ATX,6306466,LGA 1700,ATX,192,4,ĐEN,DDR5,PCIe 4.0 x4,sata_6_gb_s,PCIe 4.0 x16,assets/images/motherboard_motherboard_msi_z790_gaming_wifi_ddr5_atx.png
Gigabyte P45 GA-EP45-UD3L LGA775 DDR2 ATX,1933460,LGA 775,ATX,16,4,RGB,DDR2,,sata_3_gb_s,PCIe 4.0 x16,assets/images/motherboard_motherboard_gigabyte_p45_ga_ep45_ud3l_lga775_ddr2_atx.png
Gigabyte H370 HD3 LGA1151 DDR4 ATX,7007770,LGA 1151,ATX,64,4,ĐEN / XÁM,DDR4,PCIe 4.0 x4,sata_6_gb_s,PCIe 4.0 x16,assets/images/motherboard_motherboard_gigabyte_h370_hd3_lga1151_ddr4_atx.png
ASUS B850 MAX GAMING WIFI-CSM,6698216,AM5,ATX,256,4,ĐEN / XÁM / VÀNG,DDR5,PCIe 5.0 x4; PCIe 4.0 x4; PCIe 4.0 x2,sata_6_gb_s,PCIe 5.0 x16,assets/images/motherboard_motherboard_asus_b850_max_gaming_wifi_csm.png
Asus X570 TUF GAMING X570-PLUS DDR4 ATX,7093918,AM4,ATX,128,4,ĐEN / VÀNG,DDR4,PCIe 4.0 x4,,PCIe 4.0 x16,assets/images/motherboard_motherboard_asus_x570_tuf_gaming_x570_plus_ddr4_atx.png
MSI Z590 PRO WIFI LGA1200 DDR4 ATX,10294045,LGA 1200,ATX,128,4,ĐEN,DDR4,PCIe 4.0 x4,,PCIe 4.0 x16,assets/images/motherboard_motherboard_msi_z590_pro_wifi_lga1200_ddr4_atx.png
Gigabyte Z270 GA-Z270X-Gaming 7 DDR4 ATX,7007770,LGA 1151,ATX,64,4,ĐEN / TRẮNG,DDR4,PCIe 4.0 x4,sata_6_gb_s,PCIe 4.0 x16,assets/images/motherboard_motherboard_gigabyte_z270_ga_z270x_gaming_7_ddr4_atx.png
Gigabyte Z370 AORUS ULTRA GAMING WIFI DDR4 ATX,7007770,LGA 1151,ATX,64,4,ĐEN,DDR4,PCIe 4.0 x4,sata_6_gb_s,PCIe 4.0 x16,assets/images/motherboard_motherboard_gigabyte_z370_aorus_ultra_gaming_wifi_ddr4_atx.png
Asus Z790-I ROG STRIX GAMING WIFI LGA1700 DDR5 Mini ITX,5870720,LGA 1700,Mini-ITX,96,2,ĐEN,DDR5,PCIe 4.0 x4,,PCIe 4.0 x16,assets/images/motherboard_motherboard_asus_z790_i_rog_strix_gaming_wifi_lga1700_ddr5_mini_itx.png
MSI MEG B550 UNIFY,9905720,AM4,ATX,128,4,ĐEN / XÁM,DDR4,PCIe 4.0 x4,sata_6_gb_s,PCIe 4.0 x16,assets/images/motherboard_motherboard_msi_meg_b550_unify.png
Gigabyte Z490I AORUS ULTRA DDR4 Mini ITX,12619255,LGA 1200,Mini-ITX,64,2,ĐEN / XÁM,DDR4,PCIe 4.0 x4,sata_6_gb_s,PCIe 4.0 x16,assets/images/motherboard_motherboard_gigabyte_z490i_aorus_ultra_ddr4_mini_itx.png
MSI A320M PRO-M2 V2 AM4 DDR4 Micro ATX,2897950,AM4,Micro ATX,32,2,NÂU / ĐEN,DDR4,PCIe 4.0 x4,sata_6_gb_s,PCIe 4.0 x16,assets/images/motherboard_motherboard_msi_a320m_pro_m2_v2_am4_ddr4_micro_atx.png
MSI Z170A KRAIT GAMING DDR4 ATX,10295099,LGA 1151,ATX,64,4,ĐEN / TRẮNG,DDR4,PCIe 4.0 x4,sata_6_gb_s,PCIe 4.0 x16,assets/images/motherboard_motherboard_msi_z170a_krait_gaming_ddr4_atx.png
Asus H370 TUF H370-Pro Gaming (WI-FI) DDR4 ATX,9707869,LGA 1151,ATX,64,4,ĐEN / XÁM,DDR4,PCIe 4.0 x4,sata_6_gb_s,PCIe 4.0 x16,assets/images/motherboard_motherboard_asus_h370_tuf_h370_pro_gaming_wi_fi_ddr4_atx.png
MSI B550M PRO,2897950,AM4,Micro ATX,64,2,ĐEN,DDR4,PCIe 4.0 x4,sata_6_gb_s,PCIe 4.0 x16,assets/images/motherboard_motherboard_msi_b550m_pro.png
MSI Z590 MPG GAMING CARBON WIFI DDR4 ATX,10294045,LGA 1200,ATX,128,4,ĐEN,DDR4,PCIe 4.0 x4,,PCIe 4.0 x16,assets/images/motherboard_motherboard_msi_z590_mpg_gaming_carbon_wifi_ddr4_atx.png
MSI AMD 970 970A-G43 AM3+ DDR3 ATX,3746259,AM3+,ATX,32,4,ĐEN / XANH DƯƠNG,DDR3,,sata_6_gb_s,PCIe 4.0 x16,assets/images/motherboard_motherboard_msi_amd_970_970a_g43_am3_ddr3_atx.png
Gigabyte B660 DS3H LGA1700 DDR4 ATX,6913982,LGA 1700,ATX,128,4,ĐEN,DDR4,PCIe 4.0 x4,,PCIe 4.0 x16,assets/images/motherboard_motherboard_gigabyte_b660_ds3h_lga1700_ddr4_atx.png
ASRock B650 M-H/M.2+ DDR5 Micro ATX,3937524,AM5,Micro ATX,128,2,XÁM / ĐEN,DDR5,PCIe 5.0 x4; PCIe 4.0 x4,sata_6_gb_s,PCIe 4.0 x16,assets/images/motherboard_motherboard_asrock_b650_m_h_m_2_ddr5_micro_atx.png
Gigabyte B650M GAMING WIFI6E AM5 DDR5 ATX,6129691,AM5,ATX,128,2,XÁM / ĐEN,DDR5,PCIe 4.0 x4,,PCIe 4.0 x16,assets/images/motherboard_motherboard_gigabyte_b650m_gaming_wifi6e_am5_ddr5_atx.png
ASUS ROG STRIX B560-F GAMING WIFI DDR4 ATX,12592910,LGA 1200,ATX,128,4,ĐEN / XÁM,DDR4,PCIe 4.0 x4,sata_6_gb_s,PCIe 4.0 x16,assets/images/motherboard_motherboard_asus_rog_strix_b560_f_gaming_wifi_ddr4_atx.png
Gigabyte B365 B365M DS3H LGA1151 DDR4 Micro ATX,6849437,LGA 1151,Micro ATX,64,4,ĐEN,DDR4,PCIe 4.0 x4,,PCIe 4.0 x16,assets/images/motherboard_motherboard_gigabyte_b365_b365m_ds3h_lga1151_ddr4_micro_atx.png
Gigabyte Z890M AORUS ELITE WIFI7 DDR5 Micro ATX,4478387,LGA 1851,Micro ATX,256,4,ĐEN,DDR5,PCIe 4.0 x4,sata_6_gb_s,PCIe 4.0 x16,assets/images/motherboard_motherboard_gigabyte_z890m_aorus_elite_wifi7_ddr5_micro_atx.png
MSI PRO Z890-S WIFI,6059087,LGA 1851,ATX,256,4,ĐEN / XÁM,DDR5,PCIe 5.0 x4; PCIe 4.0 x4,sata_6_gb_s,PCIe 5.0 x16,assets/images/motherboard_motherboard_msi_pro_z890_s_wifi.png
ASUS TUF GAMING B760-PLUS WIFI,4214937,LGA 1700,ATX,192,4,ĐEN,DDR5,PCIe 4.0 x4,,PCIe 4.0 x16,assets/images/motherboard_motherboard_asus_tuf_gaming_b760_plus_wifi.png
ASRock Z390M Pro4 DDR4 Micro ATX,6849437,LGA 1151,Micro ATX,128,4,ĐEN / XÁM,DDR4,PCIe 4.0 x4,sata_6_gb_s,PCIe 4.0 x16,assets/images/motherboard_motherboard_asrock_z390m_pro4_ddr4_micro_atx.png
Gigabyte C246 N-WU2 LGA1151 DDR4 Mini ITX,8469918,LGA 1151,Mini-ITX,64,2,ĐEN,DDR4,PCIe 4.0 x4,sata_6_gb_s,PCIe 4.0 x16,assets/images/motherboard_motherboard_gigabyte_c246_n_wu2_lga1151_ddr4_mini_itx.png
ASRock A520M Pro4 AM4 DDR4 Micro ATX,2588133,AM4,Micro ATX,128,4,ĐEN / XÁM,DDR4,PCIe 4.0 x4,,PCIe 4.0 x16,assets/images/motherboard_motherboard_asrock_a520m_pro4_am4_ddr4_micro_atx.png
Asus X79 Sabertooth DDR3 ATX,17602412,LGA 2011,ATX,64,8,NÂU / ĐEN,DDR3,,sata_3_gb_s; sata_6_gb_s,PCIe 4.0 x16,assets/images/motherboard_motherboard_asus_x79_sabertooth_ddr3_atx.png
MSI Z690 MAG TORPEDO LGA1700 DDR5 ATX,6306466,LGA 1700,ATX,192,4,XANH DƯƠNG / ĐEN,DDR5,PCIe 4.0 x4,sata_6_gb_s,PCIe 4.0 x16,assets/images/motherboard_motherboard_msi_z690_mag_torpedo_lga1700_ddr5_atx.png
Gigabyte H110 GA-H110M-A DDR4 Micro ATX,6849437,LGA 1151,Micro ATX,32,2,ĐEN,DDR4,,,PCIe 4.0 x16,assets/images/motherboard_motherboard_gigabyte_h110_ga_h110m_a_ddr4_micro_atx.png
ASRock H270 M-ITX/ac LGA1151 DDR4 Mini ITX,8469918,LGA 1151,Mini-ITX,32,2,ĐEN / XÁM,DDR4,PCIe 4.0 x4,sata_6_gb_s,PCIe 4.0 x16,assets/images/motherboard_motherboard_asrock_h270_m_itx_ac_lga1151_ddr4_mini_itx.png
Gigabyte B760I AORUS PRO DDR5 Mini ITX,5400462,LGA 1700,Mini-ITX,96,2,XÁM / ĐEN,DDR5,PCIe 4.0 x4,,PCIe 4.0 x16,assets/images/motherboard_motherboard_gigabyte_b760i_aorus_pro_ddr5_mini_itx.png
Gigabyte Z790 AORUS ELITE X DDR5 ATX,6913982,LGA 1700,ATX,192,4,ĐEN,DDR5,PCIe 4.0 x4,sata_6_gb_s,PCIe 4.0 x16,assets/images/motherboard_motherboard_gigabyte_z790_aorus_elite_x_ddr5_atx.png
Asus B860 M-BRO-CSM LGA1851 DDR5 Micro ATX,5532187,LGA 1851,Micro ATX,128,2,TRẮNG / ĐEN,DDR5,PCIe 4.0 x4,sata_6_gb_s,PCIe 4.0 x16,assets/images/motherboard_motherboard_asus_b860_m_bro_csm_lga1851_ddr5_micro_atx.png
MSI MEG Z390 ACE,10712931,LGA 1151,ATX,128,4,,DDR4,PCIe 3.0 x4,sata_6_gb_s,PCIe 3.0 x16,assets/images/motherboard_motherboard_msi_meg_z390_ace.png
ASRock H110 M-DGS DDR4 Micro ATX,6849437,LGA 1151,Micro ATX,32,2,ĐEN / CAM,DDR4,,sata_6_gb_s,PCIe 4.0 x16,assets/images/motherboard_motherboard_asrock_h110_m_dgs_ddr4_micro_atx.png
EVGA Z370 Micro ATX Micro ATX LGA1151 DDR4 Micro ATX,6849437,LGA 1151,Micro ATX,32,2,ĐEN / XÁM,DDR4,PCIe 4.0 x4,sata_6_gb_s,PCIe 4.0 x16,assets/images/motherboard_motherboard_evga_z370_micro_atx_micro_atx_lga1151_ddr4_micro_atx.png
Biostar P43 D3 LGA775 DDR3 ATX,1933460,LGA 775,ATX,4,2,RGB,DDR3,,sata_3_gb_s,PCIe 4.0 x16,assets/images/motherboard_motherboard_biostar_p43_d3_lga775_ddr3_atx.png
ASUS PRIME B760M-A,4858808,LGA 1700,Micro ATX,128,4,XÁM / ĐEN,DDR5,PCIe 4.0 x4,sata_6_gb_s,PCIe 4.0 x16,assets/images/motherboard_motherboard_asus_prime_b760m_a.png
ASRock H370M-HDV/M.2,6849437,LGA 1151,Micro ATX,64,2,ĐEN,DDR4,SATA / PCIe 3.0 x4,sata_6_gb_s,PCIe 3.0 x16,assets/images/motherboard_motherboard_asrock_h370m_hdv_m_2.png
MSI Z170I GAMING PRO AC DDR4 Mini ITX,8469918,LGA 1151,Mini-ITX,32,2,ĐEN / ĐỎ,DDR4,PCIe 4.0 x4,sata_6_gb_s,PCIe 4.0 x16,assets/images/motherboard_motherboard_msi_z170i_gaming_pro_ac_ddr4_mini_itx.png
MSI MAG B560M MORTAR WIFI DDR4 Micro ATX,7903237,LGA 1200,Micro ATX,128,4,ĐEN / TRẮNG,DDR4,PCIe 4.0 x4,,PCIe 4.0 x16,assets/images/motherboard_motherboard_msi_mag_b560m_mortar_wifi_ddr4_micro_atx.png
ASUS PRIME B450M-A/CSM,5242655,AM4,Micro ATX,128,4,,DDR4,PCIE 3.0 x4,sata_6_gb_s,PCIe 3.0 x16,assets/images/motherboard_motherboard_asus_prime_b450m_a_csm.png
Gigabyte A620 I AX DDR5 Mini ITX,6243765,AM5,Mini-ITX,96,2,ĐEN / XÁM,DDR5,PCIe 4.0 x4,,PCIe 4.0 x16,assets/images/motherboard_motherboard_gigabyte_a620_i_ax_ddr5_mini_itx.png
H470 AORUS PRO AX,10537737,LGA 1200,ATX,128,4,,DDR4,PCIe 3.0 x4,sata_6_gb_s,PCIe 3.0 x16,assets/images/motherboard_motherboard_h470_aorus_pro_ax.png
Gigabyte H410M S2 V3 DDR4 Micro ATX,4188855,LGA 1200,Micro ATX,64,2,ĐEN / XÁM,DDR4,PCIe 4.0 x4,sata_6_gb_s,PCIe 4.0 x16,assets/images/motherboard_motherboard_gigabyte_h410m_s2_v3_ddr4_micro_atx.png
ASUS ROG STRIX B850-A GAMING WIFI7 NEO,6698216,AM5,ATX,256,4,TRẮNG / XÁM / RGB,DDR5,PCIe 5.0 x4; PCIe 4.0 x4,sata_6_gb_s,PCIe 5.0 x16,assets/images/motherboard_motherboard_asus_rog_strix_b850_a_gaming_wifi7_neo.png
ASUS B660 ProArt CREATOR D4 DDR4 ATX,8166687,LGA 1700,ATX,128,4,ĐEN,DDR4,PCIe 4.0 x4,,PCIe 4.0 x16,assets/images/motherboard_motherboard_asus_b660_proart_creator_d4_ddr4_atx.png
ASRock B550 PG Velocita DDR4 ATX,4873562,AM4,ATX,128,4,XÁM / ĐEN,DDR4,PCIe 4.0 x4,,PCIe 4.0 x16,assets/images/motherboard_motherboard_asrock_b550_pg_velocita_ddr4_atx.png
Supermicro Q370 MBD-X11SCV-Q-O LGA1151 DDR4 Mini ITX,7729886,LGA 1151,Mini-ITX,64,2,XANH LÁ / ĐEN,DDR4,PCIe 4.0 x4,sata_6_gb_s,PCIe 4.0 x16,assets/images/motherboard_motherboard_supermicro_q370_mbd_x11scv_q_o_lga1151_ddr4_mini_itx.png
ASUS PRIME B650M-A AX6,5532187,AM5,Micro ATX,192,4,ĐEN / XÁM,DDR5,PCIe 4.0 x4,sata_6_gb_s,PCIe 4.0 x16,assets/images/motherboard_motherboard_asus_prime_b650m_a_ax6.png
ASUS Z270 PRIME Z270-P DDR4 ATX,9707869,LGA 1151,ATX,64,4,ĐEN / XÁM,DDR4,PCIe 4.0 x4,,PCIe 4.0 x16,assets/images/motherboard_motherboard_asus_z270_prime_z270_p_ddr4_atx.png
Gigabyte Z370 Z370N WIFI DDR4 Mini ITX,8469918,LGA 1151,Mini-ITX,32,2,ĐEN / TRẮNG,DDR4,PCIe 4.0 x4,sata_6_gb_s,PCIe 4.0 x16,assets/images/motherboard_motherboard_gigabyte_z370_z370n_wifi_ddr4_mini_itx.png
ASUS PRIME B850-PLUS WIFI,5268737,AM5,ATX,256,4,ĐEN / XÁM,DDR5,PCIe 5.0 x4; PCIe 4.0 x4; PCIe 4.0 x2,sata_6_gb_s,PCIe 5.0 x16,assets/images/motherboard_motherboard_asus_prime_b850_plus_wifi.png
MSI B85 G43 LGA1150 DDR3 ATX,10853613,LGA 1150,ATX,32,4,ĐEN / XANH DƯƠNG,DDR3,,sata_3_gb_s; sata_6_gb_s,PCIe 4.0 x16,assets/images/motherboard_motherboard_msi_b85_g43_lga1150_ddr3_atx.png
Asus H110 M-A/M.2 LGA1151 DDR4 Micro ATX,4564271,LGA 1151,Micro ATX,32,2,ĐEN / VÀNG,DDR4,PCIe 4.0 x4,sata_6_gb_s,PCIe 4.0 x16,assets/images/motherboard_motherboard_asus_h110_m_a_m_2_lga1151_ddr4_micro_atx.png
Gigabyte Z790 AORUS XTREME,13725482,LGA 1700,EATX,128,4,,DDR5,PCIe 5.0 x4/x2; PCIe 4.0 x4/x2; PCIe 4.0 x4/ x2,sata_6_gb_s,PCIe 5.0 x16,assets/images/motherboard_motherboard_gigabyte_z790_aorus_xtreme.png
MSI H55 M-E23 LGA1156 DDR3 Micro ATX,3284958,LGA 1156,Micro ATX,8,2,ĐEN / XANH DƯƠNG,DDR3,,sata_3_gb_s,PCIe 4.0 x16,assets/images/motherboard_motherboard_msi_h55_m_e23_lga1156_ddr3_micro_atx.png
Gigabyte X570S UD AM4 DDR4 ATX,7297565,AM4,ATX,128,4,ĐEN / XÁM,DDR4,PCIe 4.0 x4,,PCIe 4.0 x16,assets/images/motherboard_motherboard_gigabyte_x570s_ud_am4_ddr4_atx.png
Asus H610 PRIME H610M-A LGA1700 DDR5 Micro ATX,4858808,LGA 1700,Micro ATX,96,2,XÁM / ĐEN,DDR5,PCIe 4.0 x4,sata_6_gb_s,PCIe 4.0 x16,assets/images/motherboard_motherboard_asus_h610_prime_h610m_a_lga1700_ddr5_micro_atx.png
Gigabyte B560M AORUS ELITE LGA1200 DDR4 Micro ATX,4188855,LGA 1200,Micro ATX,128,4,ĐEN,DDR4,PCIe 4.0 x4,sata_6_gb_s,PCIe 4.0 x16,assets/images/motherboard_motherboard_gigabyte_b560m_aorus_elite_lga1200_ddr4_micro_atx.png
Gigabyte C232 MW21-SE0 LGA1151 DDR4 Micro ATX,6849437,LGA 1151,Micro ATX,64,4,ĐEN / XANH DƯƠNG,DDR4,,,PCIe 4.0 x16,assets/images/motherboard_motherboard_gigabyte_c232_mw21_se0_lga1151_ddr4_micro_atx.png
Asus PRIME B860M-A WIFI-CSM DDR5 Micro ATX,5532187,LGA 1851,Micro ATX,256,4,XÁM / ĐEN,DDR5,PCIe 5.0 x4; PCIe 4.0 x4,sata_6_gb_s,PCIe 5.0 x16,assets/images/motherboard_motherboard_asus_prime_b860m_a_wifi_csm_ddr5_micro_atx.png
EVGA Z370 FTW LGA1151 DDR4 ATX,9682051,LGA 1151,ATX,64,4,ĐEN,DDR4,PCIe 4.0 x4,sata_6_gb_s,PCIe 4.0 x16,assets/images/motherboard_motherboard_evga_z370_ftw_lga1151_ddr4_atx.png
ASUS ROG STRIX B760-A GAMING WIFI,6059087,LGA 1700,ATX,192,4,XÁM / ĐEN,DDR5,PCIe 4.0 x4,,PCIe 4.0 x16,assets/images/motherboard_motherboard_asus_rog_strix_b760_a_gaming_wifi.png
Gigabyte Z790 GAMING PLUS AX DDR5 ATX,6913982,LGA 1700,ATX,192,4,ĐEN / XÁM,DDR5,PCIe 4.0 x4,,PCIe 4.0 x16,assets/images/motherboard_motherboard_gigabyte_z790_gaming_plus_ax_ddr5_atx.png
Gigabyte B560 M D3H LGA1200 DDR4 Micro ATX,4188855,LGA 1200,Micro ATX,128,4,NÂU / ĐEN,DDR4,PCIe 4.0 x4,sata_6_gb_s,PCIe 4.0 x16,assets/images/motherboard_motherboard_gigabyte_b560_m_d3h_lga1200_ddr4_micro_atx.png
Supermicro Intel C602 X9SRI-F-O LGA2011 DDR3 ATX,19495300,LGA 2011,ATX,64,8,XANH LÁ,DDR3,,sata_3_gb_s; sata_6_gb_s,PCIe 4.0 x16,assets/images/motherboard_motherboard_supermicro_intel_c602_x9sri_f_o_lga2011_ddr3_atx.png
MSI B250M MORTAR ARCTIC DDR4 Micro ATX,6849437,LGA 1151,Micro ATX,64,4,TRẮNG,DDR4,PCIe 4.0 x4,sata_6_gb_s,PCIe 4.0 x16,assets/images/motherboard_motherboard_msi_b250m_mortar_arctic_ddr4_micro_atx.png
X570 Phantom Gaming-ITX/TB3 Mini ITX Thunderbolt 3 AMD Motherboard Model X570 Phantom GAM ITX,3952013,AM4,Mini-ITX,64,2,,DDR4,PCIe 4.0 x4 / SATA + PCIe,sata_6_gb_s,PCIe 4.0 x16,assets/images/motherboard_motherboard_x570_phantom_gaming_itx_tb3_mini_itx_thunderbolt_3_amd_motherboard_model_x570_phantom_gam_itx.png
MSI H110 H110M ECO DDR4 Micro ATX,6849437,LGA 1151,Micro ATX,32,2,ĐEN,DDR4,,sata_6_gb_s,PCIe 4.0 x16,assets/images/motherboard_motherboard_msi_h110_h110m_eco_ddr4_micro_atx.png
Gigabyte Z390 AORUS MASTER WIFI DDR4 ATX,7007770,LGA 1151,ATX,128,4,ĐEN / XÁM,DDR4,PCIe 4.0 x4,,PCIe 4.0 x16,assets/images/motherboard_motherboard_gigabyte_z390_aorus_master_wifi_ddr4_atx.png
Gigabyte Z890 AERO G DDR5 ATX,5928942,LGA 1851,ATX,256,4,TRẮNG / XÁM,DDR5,PCIe 5.0 x4; PCIe 4.0 x4,sata_6_gb_s,PCIe 5.0 x16; PCIe 5.0 x8,assets/images/motherboard_motherboard_gigabyte_z890_aero_g_ddr5_atx.png
ASRock Z890 Pro-A WiFi,5268737,LGA 1851,ATX,256,4,ĐEN / XÁM,DDR5,PCIe 4.0 x4,,PCIe 4.0 x16,assets/images/motherboard_motherboard_asrock_z890_pro_a_wifi.png
Gigabyte Z790 AORUS ELITE X WIFI7 DDR5 ATX,6913982,LGA 1700,ATX,192,4,ĐEN,DDR5,PCIe 4.0 x4,,PCIe 4.0 x16,assets/images/motherboard_motherboard_gigabyte_z790_aorus_elite_x_wifi7_ddr5_atx.png
Gigabyte B450M GAMING AM4 DDR4 Micro ATX,2897687,AM4,Micro ATX,32,2,ĐỎ / ĐEN,DDR4,PCIe 4.0 x4,,PCIe 4.0 x16,assets/images/motherboard_motherboard_gigabyte_b450m_gaming_am4_ddr4_micro_atx.png
MSI Z390 MPG GAMING PRO CARBON AC DDR4 ATX,10295099,LGA 1151,ATX,128,4,ĐEN / XÁM,DDR4,PCIe 4.0 x4,,PCIe 4.0 x16,assets/images/motherboard_motherboard_msi_z390_mpg_gaming_pro_carbon_ac_ddr4_atx.png
Asus Intel X79 Rampage IV Formula LGA2011 DDR3 ATX,17602412,LGA 2011,ATX,32,4,ĐEN / ĐỎ,DDR3,,sata_3_gb_s; sata_6_gb_s,PCIe 4.0 x16,assets/images/motherboard_motherboard_asus_intel_x79_rampage_iv_formula_lga2011_ddr3_atx.png
Asus AMD 890GX M4A89GTD PRO/USB3 AM3 DDR3 ATX,3746259,AM3,ATX,16,4,ĐEN / XANH DƯƠNG,DDR3,,sata_6_gb_s,PCIe 4.0 x16,assets/images/motherboard_motherboard_asus_amd_890gx_m4a89gtd_pro_usb3_am3_ddr3_atx.png
Asus B860 PRIME B860M-A LGA1851 DDR5 Micro ATX,5532187,LGA 1851,Micro ATX,256,4,XÁM / ĐEN,DDR5,PCIe 5.0 x4; PCIe 4.0 x4,sata_6_gb_s,PCIe 5.0 x16,assets/images/motherboard_motherboard_asus_b860_prime_b860m_a_lga1851_ddr5_micro_atx.png
MSI B350 PC MATE AM4 DDR4 ATX,9905720,AM4,ATX,64,4,ĐEN,DDR4,PCIe 4.0 x4,,PCIe 4.0 x16,assets/images/motherboard_motherboard_msi_b350_pc_mate_am4_ddr4_atx.png
Gigabyte Z370 XP SLI (rev. 1.0) DDR4 ATX,7007770,LGA 1151,ATX,64,4,ĐEN / TRẮNG,DDR4,PCIe 4.0 x4,sata_6_gb_s,PCIe 4.0 x16,assets/images/motherboard_motherboard_gigabyte_z370_xp_sli_rev_1_0_ddr4_atx.png
NZXT Z390 N7 WIFI LGA1151 DDR4 ATX,9682051,LGA 1151,ATX,64,4,TRẮNG / ĐEN,DDR4,PCIe 4.0 x4,sata_6_gb_s,PCIe 4.0 x16,assets/images/motherboard_motherboard_nzxt_z390_n7_wifi_lga1151_ddr4_atx.png
MSI H510 I PRO WIFI DDR4 Mini ITX,12619255,LGA 1200,Mini-ITX,64,2,ĐEN / XÁM,DDR4,PCIe 4.0 x4,sata_6_gb_s,PCIe 4.0 x16,assets/images/motherboard_motherboard_msi_h510_i_pro_wifi_ddr4_mini_itx.png
ASUS PRIME B760M-A WIFI II,4858808,LGA 1700,Micro ATX,256,4,ĐEN / XÁM,DDR5,PCIe 4.0 x4,sata_6_gb_s,PCIe 4.0 x16,assets/images/motherboard_motherboard_asus_prime_b760m_a_wifi_ii.png
MSI H310M PRO-VDH DDR4 Micro ATX,6849437,LGA 1151,Micro ATX,32,2,NÂU / ĐEN,DDR4,,sata_6_gb_s,PCIe 4.0 x16,assets/images/motherboard_motherboard_msi_h310m_pro_vdh_ddr4_micro_atx.png
ASRock B450 Pro4 ATX AM4,4873562,AM4,ATX,64,4,,DDR4,PCIe 4.0 x4,sata_6_gb_s,PCIe 4.0 x16,assets/images/motherboard_motherboard_asrock_b450_pro4_atx_am4.png
ASRock B760I Lightning WiFi LGA1700 DDR5 Mini ITX,5685778,LGA 1700,Mini-ITX,128,2,ĐEN,DDR5,PCIe 4.0 x4,sata_6_gb_s,PCIe 5.0 x16,assets/images/motherboard_motherboard_asrock_b760i_lightning_wifi_lga1700_ddr5_mini_itx.png
Colorful B760I CVN FROZEN WIFI V20 DDR4 Mini ITX,5685778,LGA 1700,Mini-ITX,64,2,TRẮNG / ĐEN,DDR4,PCIe 4.0 x4,sata_6_gb_s,PCIe 4.0 x16,assets/images/motherboard_motherboard_colorful_b760i_cvn_frozen_wifi_v20_ddr4_mini_itx.png
ASRock Z590 Extreme WiFi 6E DDR4 ATX LGA1200,20924516,LGA 1200,ATX,128,4,ĐEN / XANH DƯƠNG,DDR4,PCIe 4.0 x4,sata_6_gb_s,PCIe 4.0 x16,assets/images/motherboard_motherboard_asrock_z590_extreme_wifi_6e_ddr4_atx_lga1200.png
Gigabyte Z690 AORUS ULTRA LGA1700 DDR5 ATX,6913982,LGA 1700,ATX,192,4,ĐEN,DDR5,PCIe 4.0 x4,sata_6_gb_s,PCIe 4.0 x16,assets/images/motherboard_motherboard_gigabyte_z690_aorus_ultra_lga1700_ddr5_atx.png
MSI Z97 G55 SLI DDR3 ATX,10853613,LGA 1150,ATX,32,4,ĐEN / XANH DƯƠNG,DDR3,PCIe 4.0 x4,sata_6_gb_s,PCIe 4.0 x16,assets/images/motherboard_motherboard_msi_z97_g55_sli_ddr3_atx.png
ASUS PRIME B560-PLUS LGA 1200 ATX Motherboard,12592910,LGA 1200,ATX,128,4,,DDR4,PCIE 4.0 x4; PCIE 3.0 x4 & SATA mode,sata_6_gb_s,PCIe 4.0 x16; PCIe 3.0 x16,assets/images/motherboard_motherboard_asus_prime_b560_plus_lga_1200_atx_motherboard.png
EVGA Z170 Classified K LGA1151 DDR4 ATX,9682051,LGA 1151,ATX,64,4,ĐEN / ĐỎ,DDR4,PCIe 4.0 x4,,PCIe 4.0 x16,assets/images/motherboard_motherboard_evga_z170_classified_k_lga1151_ddr4_atx.png
ASRock B760 M-H2/M.2 DDR5 Micro ATX,3152443,LGA 1700,Micro ATX,96,2,ĐEN / XÁM,DDR5,PCIe 4.0 x4,,PCIe 4.0 x16,assets/images/motherboard_motherboard_asrock_b760_m_h2_m_2_ddr5_micro_atx.png
ASRock B560M ITX/ac LGA1200 DDR4 Mini ITX,12619255,LGA 1200,Mini-ITX,64,2,XÁM / ĐEN,DDR4,PCIe 4.0 x4,sata_6_gb_s,PCIe 4.0 x16,assets/images/motherboard_motherboard_asrock_b560m_itx_ac_lga1200_ddr4_mini_itx.png
Supermicro Intel C232 MBD-X11SSL-O LGA1151 DDR4 Micro ATX,10604389,LGA 1151,Micro ATX,64,4,ĐEN / XANH LÁ,DDR4,,sata_6_gb_s,PCIe 4.0 x16; PCIe 4.0 x8,assets/images/motherboard_motherboard_supermicro_intel_c232_mbd_x11ssl_o_lga1151_ddr4_micro_atx.png
MSI B660 PRO M-P WIFI DDR4 Micro ATX,4083212,LGA 1700,Micro ATX,128,4,ĐEN,DDR4,PCIe 4.0 x4,sata_6_gb_s,PCIe 4.0 x16,assets/images/motherboard_motherboard_msi_b660_pro_m_p_wifi_ddr4_micro_atx.png
Gigabyte Q370 Q370M D3H GSM PLUS DDR4 Micro ATX,6849437,LGA 1151,Micro ATX,64,4,ĐEN,DDR4,PCIe 4.0 x4,sata_6_gb_s,PCIe 4.0 x16,assets/images/motherboard_motherboard_gigabyte_q370_q370m_d3h_gsm_plus_ddr4_micro_atx.png
ASRock Z170 Pro4/D3 DDR3 ATX,11012210,LGA 1151,ATX,64,4,ĐEN / CAM,DDR3,,sata_6_gb_s,PCIe 4.0 x16,assets/images/motherboard_motherboard_asrock_z170_pro4_d3_ddr3_atx.png
MSI Z490 MPG GAMING PLUS LGA1200 DDR4 ATX,10294045,LGA 1200,ATX,128,4,ĐEN / XÁM,DDR4,PCIe 4.0 x4,,PCIe 4.0 x16,assets/images/motherboard_motherboard_msi_z490_mpg_gaming_plus_lga1200_ddr4_atx.png
Asus B560 TUF GAMING B560M-PLUS WIFI LGA1200 DDR4 Micro ATX,4097965,LGA 1200,Micro ATX,128,4,VÀNG / ĐEN,DDR4,PCIe 4.0 x4,,PCIe 4.0 x16,assets/images/motherboard_motherboard_asus_b560_tuf_gaming_b560m_plus_wifi_lga1200_ddr4_micro_atx.png
ASRock H570 Phantom Gaming 4 DDR4 ATX,20924516,LGA 1200,ATX,128,4,XÁM / ĐEN,DDR4,PCIe 4.0 x4,sata_6_gb_s,PCIe 4.0 x16,assets/images/motherboard_motherboard_asrock_h570_phantom_gaming_4_ddr4_atx.png
Asus ROG STRIX Z690-E GAMING WIFI DDR5 ATX,8166687,LGA 1700,ATX,192,4,ĐEN,DDR5,PCIe 4.0 x4,,PCIe 4.0 x16,assets/images/motherboard_motherboard_asus_rog_strix_z690_e_gaming_wifi_ddr5_atx.png
ASRock X670E Pro RS AM5 DDR5 ATX,5268737,AM5,ATX,256,4,ĐEN,DDR5,PCIe 4.0 x4,,PCIe 4.0 x16,assets/images/motherboard_motherboard_asrock_x670e_pro_rs_am5_ddr5_atx.png
B460 AORUS PRO AC,10537737,LGA 1200,ATX,128,4,,DDR4,PCIe x4/x2 SSD,sata_6_gb_s,PCIe 3.0 x16,assets/images/motherboard_motherboard_b460_aorus_pro_ac.png
Asus NVIDIA GeForce 7025 M4N68T-M V2 AM3 DDR3 Micro ATX,6638413,AM3,Micro ATX,16,2,ĐEN / XANH DƯƠNG,DDR3,,sata_3_gb_s,PCIe 4.0 x16,assets/images/motherboard_motherboard_asus_nvidia_geforce_7025_m4n68t_m_v2_am3_ddr3_micro_atx.png
Asus H170 PRO LGA1151 DDR4 ATX,9707869,LGA 1151,ATX,64,4,ĐEN / VÀNG,DDR4,PCIe 4.0 x4,sata_6_gb_s,PCIe 4.0 x16,assets/images/motherboard_motherboard_asus_h170_pro_lga1151_ddr4_atx.png
Gigabyte B550 AORUS PRO AX AM4 DDR4 ATX,7297565,AM4,ATX,128,4,ĐEN,DDR4,PCIe 4.0 x4,sata_6_gb_s,PCIe 4.0 x16,assets/images/motherboard_motherboard_gigabyte_b550_aorus_pro_ax_am4_ddr4_atx.png
Gigabyte B460M AORUS ELITE DDR4 Micro ATX,4188855,LGA 1200,Micro ATX,128,4,ĐEN / CAM,DDR4,PCIe 4.0 x4,sata_6_gb_s,PCIe 4.0 x16,assets/images/motherboard_motherboard_gigabyte_b460m_aorus_elite_ddr4_micro_atx.png
Asus C232 E3 PRO GAMING V5 DDR4 ATX,9707869,LGA 1151,ATX,64,4,ĐEN / ĐỎ,DDR4,PCIe 4.0 x4,sata_6_gb_s,PCIe 4.0 x16,assets/images/motherboard_motherboard_asus_c232_e3_pro_gaming_v5_ddr4_atx.png
Asus H55 P7H55-M LE LGA1156 DDR3 Micro ATX,3284958,LGA 1156,Micro ATX,8,2,ĐEN / XANH DƯƠNG,DDR3,,sata_3_gb_s,PCIe 4.0 x16,assets/images/motherboard_motherboard_asus_h55_p7h55_m_le_lga1156_ddr3_micro_atx.png
Asus C246 WS C246 PRO DDR4 ATX,9707869,LGA 1151,ATX,64,4,ĐEN / XÁM,DDR4,PCIe 4.0 x4,sata_6_gb_s,PCIe 4.0 x16,assets/images/motherboard_motherboard_asus_c246_ws_c246_pro_ddr4_atx.png
ASUS ROG STRIX B450-I GAMING,3952013,AM4,Mini-ITX,32,2,,DDR4,PCIE 3.0 x4 and SATA; PCIE 3.0 x4,sata_6_gb_s,PCIe 3.0 x16,assets/images/motherboard_motherboard_asus_rog_strix_b450_i_gaming.png
ASRock X570 Extreme4 AM4 DDR4 ATX,4873562,AM4,ATX,128,4,ĐEN / XÁM,DDR4,PCIe 4.0 x4,sata_6_gb_s,PCIe 4.0 x16,assets/images/motherboard_motherboard_asrock_x570_extreme4_am4_ddr4_atx.png
Gigabyte H170 GA-GAMING 3 DDR4 ATX,7007770,LGA 1151,ATX,64,4,ĐEN / ĐỎ,DDR4,PCIe 4.0 x4,sata_6_gb_s,PCIe 4.0 x16,assets/images/motherboard_motherboard_gigabyte_h170_ga_gaming_3_ddr4_atx.png
ASRock Z170M Extreme4 DDR4 Micro ATX,6849437,LGA 1151,Micro ATX,64,4,ĐEN / CAM,DDR4,PCIe 4.0 x4,sata_6_gb_s,PCIe 4.0 x16,assets/images/motherboard_motherboard_asrock_z170m_extreme4_ddr4_micro_atx.png
Colorful B460I CVN GAMING FROZEN V20 DDR4 Mini ITX,12619255,LGA 1200,Mini-ITX,64,2,TRẮNG / ĐEN,DDR4,PCIe 4.0 x4,sata_6_gb_s,PCIe 4.0 x16,assets/images/motherboard_motherboard_colorful_b460i_cvn_gaming_frozen_v20_ddr4_mini_itx.png
ASRock B550 Extreme4 DDR4 ATX,4873562,AM4,ATX,128,4,XANH DƯƠNG / ĐEN,DDR4,PCIe 4.0 x4,,PCIe 4.0 x16,assets/images/motherboard_motherboard_asrock_b550_extreme4_ddr4_atx.png
Gigabyte H370 AORUS Gaming 3 WIFI DDR4 ATX,7007770,LGA 1151,ATX,64,4,ĐEN / CAM,DDR4,PCIe 4.0 x4,sata_6_gb_s,PCIe 4.0 x16,assets/images/motherboard_motherboard_gigabyte_h370_aorus_gaming_3_wifi_ddr4_atx.png
MSI B650M GAMING PLUS WIFI DDR5 Micro ATX,4992114,AM5,Micro ATX,192,4,XÁM / ĐEN,DDR5,PCIe 4.0 x4,,PCIe 4.0 x16,assets/images/motherboard_motherboard_msi_b650m_gaming_plus_wifi_ddr5_micro_atx.png
MSI H610 PRO H610M-G LGA1700 DDR4 Micro ATX,4083212,LGA 1700,Micro ATX,64,2,ĐEN / XÁM,DDR4,PCIe 4.0 x4,,PCIe 4.0 x16,assets/images/motherboard_motherboard_msi_h610_pro_h610m_g_lga1700_ddr4_micro_atx.png
MSI Z390 MPG GAMING PLUS DDR4 ATX,10295099,LGA 1151,ATX,128,4,ĐEN / ĐỎ,DDR4,PCIe 4.0 x4,,PCIe 4.0 x16,assets/images/motherboard_motherboard_msi_z390_mpg_gaming_plus_ddr4_atx.png
ASRock Z790 PG Lightning/D4 LGA1700 DDR4 ATX,5327222,LGA 1700,ATX,128,4,ĐEN,DDR4,PCIe 4.0 x4,sata_6_gb_s,PCIe 4.0 x16,assets/images/motherboard_motherboard_asrock_z790_pg_lightning_d4_lga1700_ddr4_atx.png
ASRock X670E Taichi Carrara,21075737,AM5,EATX,128,4,,DDR5,PCIe Gen4 x4,sata_6_gb_s,PCIe 5.0 x16,assets/images/motherboard_motherboard_asrock_x670e_taichi_carrara.png
MSI Z97 Z97A GAMING 6 DDR3 ATX,10853613,LGA 1150,ATX,32,4,ĐEN / ĐỎ,DDR3,PCIe 4.0 x4,sata_6_gb_s,PCIe 4.0 x16,assets/images/motherboard_motherboard_msi_z97_z97a_gaming_6_ddr3_atx.png
Asus ROG STRIX B250I GAMING DDR4 Mini ITX,8469918,LGA 1151,Mini-ITX,32,2,ĐEN,DDR4,PCIe 4.0 x4,sata_6_gb_s,PCIe 4.0 x16,assets/images/motherboard_motherboard_asus_rog_strix_b250i_gaming_ddr4_mini_itx.png
Asus ROG STRIX B650E-F GAMING WIFI DDR5 ATX,6698216,AM5,ATX,128,4,ĐEN / XÁM,DDR5,PCIe 5.0 x4; PCIe 4.0 x4,sata_6_gb_s,PCIe 5.0 x16,assets/images/motherboard_motherboard_asus_rog_strix_b650e_f_gaming_wifi_ddr5_atx.png
ASRock AB350 Pro4,4873562,AM4,ATX,64,4,,DDR4,PCIe Gen3 x4; SATA3 6.0 Gb/s,sata_6_gb_s,PCIe 3.0 x16,assets/images/motherboard_motherboard_asrock_ab350_pro4.png
Gigabyte Z690M AORUS ELITE AX DDR4,7004872,LGA 1700,Micro ATX,128,4,ĐEN,DDR4,PCIe 4.0 x4,sata_6_gb_s,PCIe 4.0 x16,assets/images/motherboard_motherboard_gigabyte_z690m_aorus_elite_ax_ddr4.png
Asus 760G M5A78L-M LE/USB3 AM3+ DDR3 Micro ATX,6638413,AM3+,Micro ATX,16,2,ĐEN / XANH DƯƠNG,DDR3,,sata_3_gb_s,PCIe 4.0 x16,assets/images/motherboard_motherboard_asus_760g_m5a78l_m_le_usb3_am3_ddr3_micro_atx.png
Gigabyte AMD 760G GA-78LMT-S2 AM3+ DDR3 Micro ATX,5268737,AM3+,Micro ATX,16,2,XANH DƯƠNG / TRẮNG,DDR3,,sata_3_gb_s,PCIe 4.0 x16,assets/images/motherboard_motherboard_gigabyte_amd_760g_ga_78lmt_s2_am3_ddr3_micro_atx.png
MSI X470 GAMING PRO CARBON AM4 DDR4 ATX,9905720,AM4,ATX,64,4,ĐEN / XÁM,DDR4,PCIe 4.0 x4,sata_6_gb_s,PCIe 4.0 x16,assets/images/motherboard_motherboard_msi_x470_gaming_pro_carbon_am4_ddr4_atx.png
MSI H370 GAMING PLUS DDR4 ATX,10295099,LGA 1151,ATX,64,4,ĐEN / ĐỎ,DDR4,PCIe 4.0 x4,sata_6_gb_s,PCIe 4.0 x16,assets/images/motherboard_motherboard_msi_h370_gaming_plus_ddr4_atx.png
Gigabyte H270 GA-H270N-WIFI LGA1151 DDR4 Mini ITX,8469918,LGA 1151,Mini-ITX,32,2,ĐEN / XÁM,DDR4,PCIe 4.0 x4,,PCIe 4.0 x16,assets/images/motherboard_motherboard_gigabyte_h270_ga_h270n_wifi_lga1151_ddr4_mini_itx.png
TUF Z390M-PRO GAMING,6849437,LGA 1151,Micro ATX,64,4,,DDR4,PCIe 3.0 x4 & SATA; PCIe 3.0 x4,sata_6_gb_s,PCIe 3.0 x16,assets/images/motherboard_motherboard_tuf_z390m_pro_gaming.png
Asus Z590 ROG STRIX Z590-F GAMING WIFI DDR4 ATX,12592910,LGA 1200,ATX,128,4,ĐEN / XÁM,DDR4,PCIe 4.0 x4,sata_6_gb_s,PCIe 4.0 x16,assets/images/motherboard_motherboard_asus_z590_rog_strix_z590_f_gaming_wifi_ddr4_atx.png
Gigabyte B550 AORUS MASTER DDR4 ATX,7297565,AM4,ATX,128,4,ĐEN / XÁM,DDR4,PCIe 4.0 x4,sata_6_gb_s,PCIe 4.0 x16,assets/images/motherboard_motherboard_gigabyte_b550_aorus_master_ddr4_atx.png
Biostar H610 MX-E LGA1700 DDR4 Micro ATX,4018139,LGA 1700,Micro ATX,64,2,XÁM / ĐEN,DDR4,PCIe 4.0 x4,sata_6_gb_s,PCIe 4.0 x16,assets/images/motherboard_motherboard_biostar_h610_mx_e_lga1700_ddr4_micro_atx.png
Asus Z590 TUF GAMING PLUS DDR4 ATX,12592910,LGA 1200,ATX,128,4,XÁM / ĐEN,DDR4,PCIe 4.0 x4,sata_6_gb_s,PCIe 4.0 x16,assets/images/motherboard_motherboard_asus_z590_tuf_gaming_plus_ddr4_atx.png
ASRock X370 M-HDV AM4 DDR4 Micro ATX,2588133,AM4,Micro ATX,32,2,ĐEN / XÁM,DDR4,PCIe 4.0 x4,sata_6_gb_s,PCIe 4.0 x16,assets/images/motherboard_motherboard_asrock_x370_m_hdv_am4_ddr4_micro_atx.png
Asus H270 STRIX H270F GAMING LGA1151 DDR4 ATX,9707869,LGA 1151,ATX,64,4,ĐEN / XÁM,DDR4,PCIe 4.0 x4,sata_6_gb_s,PCIe 4.0 x16,assets/images/motherboard_motherboard_asus_h270_strix_h270f_gaming_lga1151_ddr4_atx.png
ASRock H270 Pro4 LGA1151 DDR4 ATX,11012210,LGA 1151,ATX,64,4,ĐEN / TRẮNG,DDR4,PCIe 4.0 x4,sata_6_gb_s,PCIe 4.0 x16,assets/images/motherboard_motherboard_asrock_h270_pro4_lga1151_ddr4_atx.png
MSI B450M MORTAR MAX AM4 DDR4 Micro ATX,2897950,AM4,Micro ATX,128,4,ĐEN,DDR4,PCIe 4.0 x4,,PCIe 4.0 x16,assets/images/motherboard_motherboard_msi_b450m_mortar_max_am4_ddr4_micro_atx.png
MSI H81 H81M-E35 DDR3 Micro ATX,7561015,LGA 1150,Micro ATX,16,2,ĐEN / XANH DƯƠNG,DDR3,,sata_3_gb_s; sata_6_gb_s,PCIe 4.0 x16,assets/images/motherboard_motherboard_msi_h81_h81m_e35_ddr3_micro_atx.png
ASRock Z490 Phantom Gaming 4 DDR4 ATX,20924516,LGA 1200,ATX,128,4,ĐEN / XÁM,DDR4,PCIe 4.0 x4,sata_6_gb_s,PCIe 4.0 x16,assets/images/motherboard_motherboard_asrock_z490_phantom_gaming_4_ddr4_atx.png
Asus X670E PRIME PRO WIFI-CSM AM5 DDR5 ATX,6698216,AM5,ATX,192,4,XÁM / ĐEN,DDR5,PCIe 4.0 x4,sata_6_gb_s,PCIe 4.0 x16,assets/images/motherboard_motherboard_asus_x670e_prime_pro_wifi_csm_am5_ddr5_atx.png
Biostar B650M X3D PRO+ AM5 DDR5 Micro ATX,4572965,AM5,Micro ATX,192,4,ĐEN / XÁM,DDR5,PCIe 4.0 x4,,PCIe 4.0 x16,assets/images/motherboard_motherboard_biostar_b650m_x3d_pro_am5_ddr5_micro_atx.png
ASUS TUF GAMING B850M-PLUS II,5532187,AM5,Micro ATX,256,4,ĐEN,DDR5,PCIe 4.0 x4,,PCIe 4.0 x16,assets/images/motherboard_motherboard_asus_tuf_gaming_b850m_plus_ii.png
Asus ROG STRIX Z790-F GAMING WIFI DDR5 ATX,8166687,LGA 1700,ATX,192,4,ĐEN,DDR5,PCIe 4.0 x4,,PCIe 4.0 x16,assets/images/motherboard_motherboard_asus_rog_strix_z790_f_gaming_wifi_ddr5_atx.png
ASUS TUF GAMING B550M-PLUS WIFI II,5268737,AM4,Micro ATX,128,4,ĐEN / XÁM,DDR4,PCIe 4.0 x4,,PCIe 4.0 x16,assets/images/motherboard_motherboard_asus_tuf_gaming_b550m_plus_wifi_ii.png
MSI B650 GAMING PLUS AM5 DDR5 ATX,6452944,AM5,ATX,256,4,ĐEN,DDR5,PCIe 4.0 x4,sata_6_gb_s,PCIe 4.0 x16,assets/images/motherboard_motherboard_msi_b650_gaming_plus_am5_ddr5_atx.png
MSI B360I GAMING PRO AC DDR4 Mini ITX,8469918,LGA 1151,Mini-ITX,32,2,ĐEN,DDR4,PCIe 4.0 x4,sata_6_gb_s,PCIe 4.0 x16,assets/images/motherboard_motherboard_msi_b360i_gaming_pro_ac_ddr4_mini_itx.png
MSI Z87 G43 DDR3 ATX,10853613,LGA 1150,ATX,32,4,ĐEN / XANH DƯƠNG,DDR3,,sata_6_gb_s,PCIe 4.0 x16,assets/images/motherboard_motherboard_msi_z87_g43_ddr3_atx.png
MSI H55 M-E33 LGA1156 DDR3 Micro ATX,3284958,LGA 1156,Micro ATX,16,4,ĐEN / XANH DƯƠNG,DDR3,,sata_3_gb_s,PCIe 4.0 x16,assets/images/motherboard_motherboard_msi_h55_m_e33_lga1156_ddr3_micro_atx.png
Gigabyte Z690M DS3H DDR4 (rev. 1.0),6913982,LGA 1700,ATX,128,4,ĐEN / XÁM,DDR4,PCIe 4.0 x4/x2,sata_6_gb_s,PCIe 4.0 x16,assets/images/motherboard_motherboard_gigabyte_z690m_ds3h_ddr4_rev_1_0.png
ASUS PRO B460M-C/CSM,4097965,LGA 1200,Micro ATX,128,4,,DDR4,PCIe 3.0 x4 & SATA; PCIe 3.0 x4,sata_6_gb_s,PCIe 3.0 x16,assets/images/motherboard_motherboard_asus_pro_b460m_c_csm.png
Gigabyte B550 UD AC DDR4 ATX,7297565,AM4,ATX,128,4,NÂU / ĐEN,DDR4,PCIe 4.0 x4,,PCIe 4.0 x16,assets/images/motherboard_motherboard_gigabyte_b550_ud_ac_ddr4_atx.png
MSI B760M GAMING PLUS WIFI DDR4 Micro ATX,4083212,LGA 1700,Micro ATX,128,4,ĐEN / XÁM,DDR4,PCIe 4.0 x4,sata_6_gb_s,PCIe 4.0 x16,assets/images/motherboard_motherboard_msi_b760m_gaming_plus_wifi_ddr4_micro_atx.png
Gigabyte B550 VISION D AM4 DDR4 ATX,7297565,AM4,ATX,128,4,TRẮNG / ĐEN,DDR4,PCIe 4.0 x4,sata_6_gb_s,PCIe 4.0 x16,assets/images/motherboard_motherboard_gigabyte_b550_vision_d_am4_ddr4_atx.png
Asus B150 M-A LGA1151 DDR4 Micro ATX,4564271,LGA 1151,Micro ATX,64,4,ĐEN / VÀNG,DDR4,,sata_6_gb_s,PCIe 4.0 x16,assets/images/motherboard_motherboard_asus_b150_m_a_lga1151_ddr4_micro_atx.png
Biostar A620 MP-E PRO AM5 DDR5 Micro ATX,4572965,AM5,Micro ATX,192,4,ĐEN / XÁM,DDR5,PCIe 4.0 x4,sata_6_gb_s,PCIe 4.0 x16,assets/images/motherboard_motherboard_biostar_a620_mp_e_pro_am5_ddr5_micro_atx.png
ASRock AB350 Fatal1ty Gaming K4 DDR4 ATX,4873562,AM4,ATX,64,4,ĐEN / ĐỎ,DDR4,PCIe 4.0 x4,sata_6_gb_s,PCIe 4.0 x16,assets/images/motherboard_motherboard_asrock_ab350_fatal1ty_gaming_k4_ddr4_atx.png
EVGA Z690 DARK K|NGP|N DDR5 EATX,13725482,LGA 1700,EATX,64,2,ĐEN / VÀNG,DDR5,PCIe 4.0 x4,sata_6_gb_s,PCIe 4.0 x16,assets/images/motherboard_motherboard_evga_z690_dark_k_ngp_n_ddr5_eatx.png
Asus AMD 990X M5A99X EVO R2.0 AM3+ DDR3 ATX,3746259,AM3+,ATX,32,4,ĐEN / XANH DƯƠNG,DDR3,,sata_6_gb_s,PCIe 4.0 x16,assets/images/motherboard_motherboard_asus_amd_990x_m5a99x_evo_r2_0_am3_ddr3_atx.png
Gigabyte Z790 D LGA1700 DDR5 ATX,6913982,LGA 1700,ATX,192,4,ĐEN / XÁM,DDR5,PCIe 4.0 x4,,PCIe 4.0 x16,assets/images/motherboard_motherboard_gigabyte_z790_d_lga1700_ddr5_atx.png
Asus ROG STRIX Z490-F GAMING DDR4 ATX,12592910,LGA 1200,ATX,128,4,ĐEN,DDR4,PCIe 4.0 x4,sata_6_gb_s,PCIe 4.0 x16,assets/images/motherboard_motherboard_asus_rog_strix_z490_f_gaming_ddr4_atx.png
MSI B650M PROJECT ZERO AM5 DDR5 Micro ATX,4992114,AM5,Micro ATX,256,4,XÁM / ĐEN,DDR5,PCIe 4.0 x4,,PCIe 4.0 x16,assets/images/motherboard_motherboard_msi_b650m_project_zero_am5_ddr5_micro_atx.png
Gigabyte Z790 GAMING X DDR5 ATX,6913982,LGA 1700,ATX,192,4,ĐEN / XÁM,DDR5,PCIe 4.0 x4,sata_6_gb_s,PCIe 4.0 x16,assets/images/motherboard_motherboard_gigabyte_z790_gaming_x_ddr5_atx.png
ASRock X870E Taichi Lite AM5 DDR5 EATX,21075737,AM5,EATX,256,4,ĐEN / XÁM,DDR5,PCIe 4.0 x4,,PCIe 4.0 x16,assets/images/motherboard_motherboard_asrock_x870e_taichi_lite_am5_ddr5_eatx.png
Asus Z690 TUF GAMING Z690-PLUS WIFI D4 DDR4 ATX,8166687,LGA 1700,ATX,128,4,ĐEN / XÁM,DDR4,PCIe 4.0 x4,,PCIe 4.0 x16,assets/images/motherboard_motherboard_asus_z690_tuf_gaming_z690_plus_wifi_d4_ddr4_atx.png
ASUS TUF GAMING B760M-PLUS WIFI,4858808,LGA 1700,Micro ATX,192,4,ĐEN / CAM,DDR5,PCIe 4.0 x4,sata_6_gb_s,PCIe 4.0 x16,assets/images/motherboard_motherboard_asus_tuf_gaming_b760m_plus_wifi.png
ASRock Z390 Phantom Gaming 4 LGA1151 DDR4 ATX,11012210,LGA 1151,ATX,128,4,ĐEN / XÁM,DDR4,PCIe 4.0 x4,,PCIe 4.0 x16,assets/images/motherboard_motherboard_asrock_z390_phantom_gaming_4_lga1151_ddr4_atx.png
Asus Z690 TUF GAMING PLUS WIFI DDR5 ATX,8166687,LGA 1700,ATX,192,4,ĐEN / XÁM,DDR5,PCIe 4.0 x4,,PCIe 4.0 x16,assets/images/motherboard_motherboard_asus_z690_tuf_gaming_plus_wifi_ddr5_atx.png
MSI B460 M-A PRO DDR4 Micro ATX,7903237,LGA 1200,Micro ATX,64,2,ĐEN,DDR4,PCIe 4.0 x4,sata_6_gb_s,PCIe 4.0 x16,assets/images/motherboard_motherboard_msi_b460_m_a_pro_ddr4_micro_atx.png
Gigabyte B360M AORUS GAMING 3 DDR4 Micro ATX,6849437,LGA 1151,Micro ATX,64,4,ĐEN / CAM,DDR4,PCIe 4.0 x4,sata_6_gb_s,PCIe 4.0 x16,assets/images/motherboard_motherboard_gigabyte_b360m_aorus_gaming_3_ddr4_micro_atx.png
ASRock X870 Phantom Gaming Riptide WiFi AM5 DDR5 ATX,5268737,AM5,ATX,256,4,ĐEN / PURPLE,DDR5,PCIe 4.0 x4,,PCIe 4.0 x16,assets/images/motherboard_motherboard_asrock_x870_phantom_gaming_riptide_wifi_am5_ddr5_atx.png
MSI X870E PRO-P WIFI DDR5 ATX,6452944,AM5,ATX,256,4,ĐEN / XÁM,DDR5,PCIe 4.0 x4,,PCIe 4.0 x16,assets/images/motherboard_motherboard_msi_x870e_pro_p_wifi_ddr5_atx.png
MSI Z790 MPG CARBON MAX WIFI LGA1700 DDR5 ATX,6306466,LGA 1700,ATX,192,4,ĐEN,DDR5,PCIe 4.0 x4,sata_6_gb_s,PCIe 4.0 x16,assets/images/motherboard_motherboard_msi_z790_mpg_carbon_max_wifi_lga1700_ddr5_atx.png
Asus Z490 PRIME-P LGA1200 DDR4 ATX,12592910,LGA 1200,ATX,128,4,ĐEN / XÁM,DDR4,PCIe 3.0 x4,sata_6_gb_s,PCIe 3.0 x16,assets/images/motherboard_motherboard_asus_z490_prime_p_lga1200_ddr4_atx.png
Gigabyte Z590 Z590M GAMING X DDR4 Micro ATX,4188855,LGA 1200,Micro ATX,128,4,ĐEN / XÁM,DDR4,PCIe 4.0 x4,sata_6_gb_s,PCIe 4.0 x16,assets/images/motherboard_motherboard_gigabyte_z590_z590m_gaming_x_ddr4_micro_atx.png
MSI A320M PRO-VH PLUS Micro ATX AM4,2897950,AM4,Micro ATX,32,2,,DDR4,,sata_6_gb_s,PCIe 4.0 x16,assets/images/motherboard_motherboard_msi_a320m_pro_vh_plus_micro_atx_am4.png
Gigabyte X570S GAMING X AM4 DDR4 ATX,7297565,AM4,ATX,128,4,ĐEN / XÁM,DDR4,PCIe 4.0 x4,sata_6_gb_s,PCIe 4.0 x16,assets/images/motherboard_motherboard_gigabyte_x570s_gaming_x_am4_ddr4_atx.png
MSI MAG B460 TOMAHAWK,7349992,LGA 1200,ATX,128,4,,DDR4,PCIe 3.0 x4 and SATA 6Gb/s; PCIe 3.0 x4,sata_6_gb_s,PCIe 3.0 x16,assets/images/motherboard_motherboard_msi_mag_b460_tomahawk.png
Asus PRIME Z390-P DDR4 ATX,9707869,LGA 1151,ATX,128,4,XÁM / ĐEN,DDR4,PCIe 4.0 x4,,PCIe 4.0 x16,assets/images/motherboard_motherboard_asus_prime_z390_p_ddr4_atx.png
MSI Z690 MEG UNIFY WIFI LGA1700 DDR5 ATX,6306466,LGA 1700,ATX,192,4,ĐEN / XÁM,DDR5,PCIe 4.0 x4,,PCIe 4.0 x16,assets/images/motherboard_motherboard_msi_z690_meg_unify_wifi_lga1700_ddr5_atx.png
Gigabyte B650 M D2HP (rev. 1.2) AM5 DDR5 Micro ATX,4466531,AM5,Micro ATX,96,2,ĐEN / XÁM,DDR5,PCIe 4.0 x4,,PCIe 4.0 x16,assets/images/motherboard_motherboard_gigabyte_b650_m_d2hp_rev_1_2_am5_ddr5_micro_atx.png
Gigabyte H610M S2H V2 LGA1700 DDR5 Micro ATX,4220206,LGA 1700,Micro ATX,96,2,ĐEN / XÁM,DDR5,PCIe 4.0 x4,,PCIe 4.0 x16,assets/images/motherboard_motherboard_gigabyte_h610m_s2h_v2_lga1700_ddr5_micro_atx.png
Asus B350 PRIME B350M-A AM4 DDR4 Micro ATX,3815546,AM4,Micro ATX,64,4,ĐEN / XÁM,DDR4,PCIe 4.0 x4,,PCIe 4.0 x16,assets/images/motherboard_motherboard_asus_b350_prime_b350m_a_am4_ddr4_micro_atx.png
MSI A320 A320M PRO-VH DDR4 Micro ATX,2897950,AM4,Micro ATX,64,2,NÂU / ĐEN,DDR4,PCIe 4.0 x4,sata_6_gb_s,PCIe 4.0 x16,assets/images/motherboard_motherboard_msi_a320_a320m_pro_vh_ddr4_micro_atx.png
ASUS ROG STRIX X870E-E GAMING WIFI,12593173,AM5,ATX,256,4,ĐEN / RGB,DDR5,PCIe 5.0 x4; PCIe 4.0 x4,sata_6_gb_s,PCIe 5.0 x16,assets/images/motherboard_motherboard_asus_rog_strix_x870e_e_gaming_wifi.png
Asus B450 PRIME B450M-K AM4 DDR4 Micro ATX,3815546,AM4,Micro ATX,32,2,ĐEN,DDR4,PCIe 4.0 x4,,PCIe 4.0 x16,assets/images/motherboard_motherboard_asus_b450_prime_b450m_k_am4_ddr4_micro_atx.png
Asus H610 PRIME H610M-K D4-ARGB DDR4 Micro ATX,4858808,LGA 1700,Micro ATX,64,2,ĐEN / XÁM,DDR4,PCIe 4.0 x4,sata_6_gb_s,PCIe 4.0 x16,assets/images/motherboard_motherboard_asus_h610_prime_h610m_k_d4_argb_ddr4_micro_atx.png
MSI MAG Z690M MORTAR WIFI DDR5 Micro ATX,4083212,LGA 1700,Micro ATX,192,4,XÁM / ĐEN,DDR5,PCIe 4.0 x4,sata_6_gb_s,PCIe 4.0 x16,assets/images/motherboard_motherboard_msi_mag_z690m_mortar_wifi_ddr5_micro_atx.png
ASUS TUF GAMING B550M-PLUS (WI-FI),7218530,AM4,Micro ATX,128,4,ĐEN,DDR4,PCIe 4.0 x4,,PCIe 4.0 x16,assets/images/motherboard_motherboard_asus_tuf_gaming_b550m_plus_wi_fi.png
ASUS PRIME B760-PLUS D4,4557422,LGA 1700,ATX,128,4,XÁM / ĐEN,DDR4,PCIe 4.0 x4,,PCIe 4.0 x16,assets/images/motherboard_motherboard_asus_prime_b760_plus_d4.png
Asus H670 PRIME-PLUS D4 DDR4 ATX,8166687,LGA 1700,ATX,128,4,XÁM / ĐEN,DDR4,PCIe 4.0 x4,sata_6_gb_s,PCIe 4.0 x16,assets/images/motherboard_motherboard_asus_h670_prime_plus_d4_ddr4_atx.png
ASRock Z170 Pro4 LGA1151 DDR4 ATX,11012210,LGA 1151,ATX,64,4,ĐEN / CAM,DDR4,PCIe 4.0 x4,sata_6_gb_s,PCIe 4.0 x16,assets/images/motherboard_motherboard_asrock_z170_pro4_lga1151_ddr4_atx.png
Asus X299 TUF MARK 2 DDR4 ATX,23341670,LGA 2066,ATX,128,8,ĐEN,DDR4,PCIe 4.0 x4,sata_6_gb_s,PCIe 4.0 x16,assets/images/motherboard_motherboard_asus_x299_tuf_mark_2_ddr4_atx.png
ASRock B850 LiveMixer WiFi AM5 DDR5 ATX,5268737,AM5,ATX,256,4,XÁM / ĐEN,DDR5,PCIe 4.0 x4,sata_6_gb_s,PCIe 5.0 x16,assets/images/motherboard_motherboard_asrock_b850_livemixer_wifi_am5_ddr5_atx.png
ASUS PRIME B650M-F-CSM,5532187,AM5,Micro ATX,96,2,ĐEN / XÁM,DDR5,PCIe 4.0 x4,sata_6_gb_s,PCIe 4.0 x16,assets/images/motherboard_motherboard_asus_prime_b650m_f_csm.png
Asus B460 TUF GAMING B460M-PLUS (WI-FI) LGA1200 DDR4 Micro ATX,4097965,LGA 1200,Micro ATX,128,4,ĐEN / VÀNG,DDR4,PCIe 4.0 x4,,PCIe 4.0 x16,assets/images/motherboard_motherboard_asus_b460_tuf_gaming_b460m_plus_wi_fi_lga1200_ddr4_micro_atx.png
MSI H410 H410M PRO-VH LGA1200 DDR4 Micro ATX,7903237,LGA 1200,Micro ATX,64,2,ĐEN / XÁM,DDR4,PCIe 4.0 x4,sata_6_gb_s,PCIe 4.0 x16,assets/images/motherboard_motherboard_msi_h410_h410m_pro_vh_lga1200_ddr4_micro_atx.png
Gigabyte H510M H V2 DDR4 Micro ATX,4188855,LGA 1200,Micro ATX,64,2,XÁM / NÂU,DDR4,PCIe 4.0 x4,,PCIe 4.0 x16,assets/images/motherboard_motherboard_gigabyte_h510m_h_v2_ddr4_micro_atx.png
Asus X299 Prime Edition 30 DDR4 ATX,23341670,LGA 2066,ATX,256,8,ĐEN / TRẮNG,DDR4,PCIe 4.0 x4,sata_6_gb_s,PCIe 4.0 x16,assets/images/motherboard_motherboard_asus_x299_prime_edition_30_ddr4_atx.png
Gigabyte B760M DS3H AX DDR4 Micro ATX,4220206,LGA 1700,Micro ATX,128,4,ĐEN,DDR4,PCIe 4.0 x4,sata_6_gb_s,PCIe 4.0 x16,assets/images/motherboard_motherboard_gigabyte_b760m_ds3h_ax_ddr4_micro_atx.png
MSI Z390 MPG GAMING EDGE AC DDR4 ATX,10295099,LGA 1151,ATX,128,4,ĐEN / XÁM,DDR4,PCIe 4.0 x4,,PCIe 4.0 x16,assets/images/motherboard_motherboard_msi_z390_mpg_gaming_edge_ac_ddr4_atx.png
Gigabyte B650 M D2H AM5 DDR5 Micro ATX,4466531,AM5,Micro ATX,96,2,ĐEN,DDR5,PCIe 4.0 x4,sata_6_gb_s,PCIe 4.0 x16,assets/images/motherboard_motherboard_gigabyte_b650_m_d2h_am5_ddr5_micro_atx.png
Gigabyte Z390 GAMING X DDR4 ATX,7007770,LGA 1151,ATX,128,4,ĐEN / ĐỎ,DDR4,PCIe 4.0 x4,,PCIe 4.0 x16,assets/images/motherboard_motherboard_gigabyte_z390_gaming_x_ddr4_atx.png
ASUS TUF GAMING B850M-PLUS WIFI,5795637,AM5,Micro ATX,256,4,ĐEN / RGB,DDR5,PCIe 5.0 x4; PCIe 4.0 x4,sata_6_gb_s,PCIe 5.0 x16,assets/images/motherboard_motherboard_asus_tuf_gaming_b850m_plus_wifi.png
Gigabyte X870E AORUS MASTER AM5 DDR5 ATX,6129691,AM5,ATX,256,4,ĐEN,DDR5,PCIe 4.0 x4,,PCIe 4.0 x16,assets/images/motherboard_motherboard_gigabyte_x870e_aorus_master_am5_ddr5_atx.png
Gigabyte Z890 UD LGA1851 DDR5 ATX,5928942,LGA 1851,ATX,256,4,ĐEN / XÁM,DDR5,PCIe 4.0 x4,sata_6_gb_s,PCIe 4.0 x16,assets/images/motherboard_motherboard_gigabyte_z890_ud_lga1851_ddr5_atx.png
ASUS PRIME B760M-A AX6 II,4858808,LGA 1700,Micro ATX,192,4,ĐEN / XÁM,DDR5,PCIe 4.0 x4,,PCIe 4.0 x16,assets/images/motherboard_motherboard_asus_prime_b760m_a_ax6_ii.png
Asus H110 H110M-A LGA1151 DDR4 Micro ATX,4564271,LGA 1151,Micro ATX,32,2,ĐEN / VÀNG,DDR4,,sata_6_gb_s,PCIe 4.0 x16,assets/images/motherboard_motherboard_asus_h110_h110m_a_lga1151_ddr4_micro_atx.png
Asus H510 PRIME H510M-R DDR4 Micro ATX,4097965,LGA 1200,Micro ATX,64,2,ĐEN,DDR4,,sata_6_gb_s,PCIe 4.0 x16,assets/images/motherboard_motherboard_asus_h510_prime_h510m_r_ddr4_micro_atx.png
Gigabyte X870E AORUS PRO ICE DDR5 ATX AM5,6129691,AM5,ATX,256,4,TRẮNG,DDR5,PCIe 4.0 x4,,PCIe 4.0 x16,assets/images/motherboard_motherboard_gigabyte_x870e_aorus_pro_ice_ddr5_atx_am5.png
MSI Z790-S01,6306466,LGA 1700,ATX,256,4,ĐEN / XÁM,DDR5,PCIe 4.0 x4; PCIe 4.0 x4 / SATA,sata_6_gb_s,PCIe 5.0 x16,assets/images/motherboard_motherboard_msi_z790_s01.png
Asus B150 PLUS D3 LGA1151 DDR3 Micro ATX,4564271,LGA 1151,Micro ATX,64,4,ĐEN / VÀNG,DDR3,,sata_6_gb_s,PCIe 4.0 x16,assets/images/motherboard_motherboard_asus_b150_plus_d3_lga1151_ddr3_micro_atx.png
Gigabyte B550 GAMING X V2 DDR4 ATX,7297565,AM4,ATX,128,4,ĐEN / XÁM,DDR4,PCIe 4.0 x4,sata_6_gb_s,PCIe 4.0 x16,assets/images/motherboard_motherboard_gigabyte_b550_gaming_x_v2_ddr4_atx.png
ASUS ROG STRIX B550-XE GAMING WIFI,7093918,AM4,ATX,128,4,ĐEN,DDR4,PCIe 4.0 x4; PCIE 3.0 x 4,sata_6_gb_s,PCIe 4.0 x16; PCIe 3.0 x16,assets/images/motherboard_motherboard_asus_rog_strix_b550_xe_gaming_wifi.png
ASRock B550M HVS SE AM4 DDR4 Micro ATX,2588133,AM4,Micro ATX,64,2,ĐEN,DDR4,PCIe 4.0 x4,sata_6_gb_s,PCIe 4.0 x16,assets/images/motherboard_motherboard_asrock_b550m_hvs_se_am4_ddr4_micro_atx.png
Gigabyte B660 DS3H AX DDR4 ATX LGA1700,6913982,LGA 1700,ATX,128,4,ĐEN,DDR4,PCIe 4.0 x4,sata_6_gb_s,PCIe 4.0 x16,assets/images/motherboard_motherboard_gigabyte_b660_ds3h_ax_ddr4_atx_lga1700.png
Gigabyte Z790 AERO G DDR5 ATX,6913982,LGA 1700,ATX,256,4,ĐEN / TRẮNG,DDR5,PCIe 5.0 x4; PCIe 4.0 x4,sata_6_gb_s,PCIe 5.0 x16,assets/images/motherboard_motherboard_gigabyte_z790_aero_g_ddr5_atx.png
MSI B760 PRO VC WIFI II DDR5 ATX,6306466,LGA 1700,ATX,192,4,ĐEN,DDR5,PCIe 4.0 x4,sata_6_gb_s,PCIe 4.0 x16,assets/images/motherboard_motherboard_msi_b760_pro_vc_wifi_ii_ddr5_atx.png
Supermicro Intel C242 X11SCL-IF LGA1151 DDR4 Mini ITX,7729886,LGA 1151,Mini-ITX,64,2,XANH LÁ,DDR4,PCIe 4.0 x4,,PCIe 4.0 x16,assets/images/motherboard_motherboard_supermicro_intel_c242_x11scl_if_lga1151_ddr4_mini_itx.png
Asus A620 Pro A620M-DASH-CSM AM5 DDR5 Micro ATX,5532187,AM5,Micro ATX,96,2,XANH LÁ,DDR5,PCIe 4.0 x4,sata_6_gb_s,PCIe 4.0 x16,assets/images/motherboard_motherboard_asus_a620_pro_a620m_dash_csm_am5_ddr5_micro_atx.png
Asus H610 PRIME H610M-A D4-CSM DDR4 Micro ATX,4858808,LGA 1700,Micro ATX,64,2,XÁM / ĐEN,DDR4,PCIe 4.0 x4,,PCIe 4.0 x16,assets/images/motherboard_motherboard_asus_h610_prime_h610m_a_d4_csm_ddr4_micro_atx.png
GIGABYTE B650E AORUS MASTER,6129691,AM5,ATX,128,4,,DDR5,PCIe 5.0 x4,sata_6_gb_s,PCIe 5.0 x16,assets/images/motherboard_motherboard_gigabyte_b650e_aorus_master.png
Gigabyte Z590 AORUS ELITE AX DDR4 ATX,10215274,LGA 1200,ATX,128,4,ĐEN,DDR4,PCIe 4.0 x4,,PCIe 4.0 x16,assets/images/motherboard_motherboard_gigabyte_z590_aorus_elite_ax_ddr4_atx.png
MSI MAG B760M MORTAR WIFI DDR5 Micro ATX,4083212,LGA 1700,Micro ATX,192,4,ĐEN / XÁM,DDR5,PCIe 4.0 x4,sata_6_gb_s,PCIe 4.0 x16,assets/images/motherboard_motherboard_msi_mag_b760m_mortar_wifi_ddr5_micro_atx.png
Gigabyte B250 GA-B250-HD3 LGA1151 DDR4 ATX,7007770,LGA 1151,ATX,64,4,ĐEN / VÀNG,DDR4,PCIe 4.0 x4,sata_6_gb_s,PCIe 4.0 x16,assets/images/motherboard_motherboard_gigabyte_b250_ga_b250_hd3_lga1151_ddr4_atx.png
Asus B250 PRIME B250M-K LGA1151 DDR4 Micro ATX,4564271,LGA 1151,Micro ATX,32,2,ĐEN / XÁM,DDR4,PCIe 4.0 x4,sata_6_gb_s,PCIe 4.0 x16,assets/images/motherboard_motherboard_asus_b250_prime_b250m_k_lga1151_ddr4_micro_atx.png
Gigabyte B760 GAMING X DDR5 ATX,6913982,LGA 1700,ATX,192,4,ĐEN / XÁM,DDR5,PCIe 4.0 x4,,PCIe 4.0 x16,assets/images/motherboard_motherboard_gigabyte_b760_gaming_x_ddr5_atx.png
Gigabyte Z390 AORUS ELITE LGA1151 DDR4 ATX,7007770,LGA 1151,ATX,128,4,ĐEN / XÁM,DDR4,PCIe 4.0 x4,,PCIe 4.0 x16,assets/images/motherboard_motherboard_gigabyte_z390_aorus_elite_lga1151_ddr4_atx.png
MSI B560 MAG B560M MORTAR DDR4 Micro ATX,7903237,LGA 1200,Micro ATX,128,4,ĐEN,DDR4,PCIe 4.0 x4,sata_6_gb_s,PCIe 4.0 x16,assets/images/motherboard_motherboard_msi_b560_mag_b560m_mortar_ddr4_micro_atx.png
Asus B450 TUF GAMING B450M-PLUS II AM4 DDR4 Micro ATX,3815546,AM4,Micro ATX,128,4,ĐEN,DDR4,PCIe 4.0 x4,,PCIe 4.0 x16,assets/images/motherboard_motherboard_asus_b450_tuf_gaming_b450m_plus_ii_am4_ddr4_micro_atx.png
Gigabyte Z890 AI TOP LGA1851 DDR5 EATX,21589464,LGA 1851,EATX,256,4,XÁM / ĐEN,DDR5,PCIe 4.0 x4,,PCIe 4.0 x16,assets/images/motherboard_motherboard_gigabyte_z890_ai_top_lga1851_ddr5_eatx.png
Asus Z690-G ROG STRIX GAMING WIFI DDR5 Micro ATX,4858808,LGA 1700,Micro ATX,128,4,ĐEN / XÁM,DDR5,PCIe 4.0 x4,,PCIe 4.0 x16,assets/images/motherboard_motherboard_asus_z690_g_rog_strix_gaming_wifi_ddr5_micro_atx.png
MSI B860 PRO B860-P WIFI LGA1851 DDR5 ATX,6322537,LGA 1851,ATX,256,4,XÁM / ĐEN,DDR5,PCIe 5.0 x4; PCIe 4.0 x4; PCIe 4.0 x2,sata_6_gb_s,PCIe 5.0 x16,assets/images/motherboard_motherboard_msi_b860_pro_b860_p_wifi_lga1851_ddr5_atx.png
Asus B860 PRIME B860M-K-CSM LGA1851 DDR5 Micro ATX,5532187,LGA 1851,Micro ATX,128,2,XÁM / ĐEN,DDR5,PCIe 4.0 x4,sata_6_gb_s,PCIe 4.0 x16,assets/images/motherboard_motherboard_asus_b860_prime_b860m_k_csm_lga1851_ddr5_micro_atx.png
Asus Z390 ROG STRIX Z390-F GAMING DDR4 ATX,9707869,LGA 1151,ATX,128,4,ĐEN,DDR4,PCIe 4.0 x4,,PCIe 4.0 x16,assets/images/motherboard_motherboard_asus_z390_rog_strix_z390_f_gaming_ddr4_atx.png
MSI Z790 MPG EDGE WIFI DDR4 ATX,6306466,LGA 1700,ATX,128,4,XÁM / ĐEN,DDR4,PCIe 4.0 x4,,PCIe 4.0 x16,assets/images/motherboard_motherboard_msi_z790_mpg_edge_wifi_ddr4_atx.png
MSI B450 GAMING PRO CARBON AC AM4 DDR4 ATX,9905720,AM4,ATX,128,4,ĐEN,DDR4,PCIe 4.0 x4,,PCIe 4.0 x16,assets/images/motherboard_motherboard_msi_b450_gaming_pro_carbon_ac_am4_ddr4_atx.png
MSI H410 H410M PRO LGA1200 DDR4 Micro ATX,7903237,LGA 1200,Micro ATX,64,2,ĐEN / XÁM,DDR4,PCIe 4.0 x4,sata_6_gb_s,PCIe 4.0 x16,assets/images/motherboard_motherboard_msi_h410_h410m_pro_lga1200_ddr4_micro_atx.png
Asus Q470 Pro Q470M-C/CSM LGA1200 DDR4 Micro ATX,4097965,LGA 1200,Micro ATX,128,4,XANH LÁ,DDR4,PCIe 4.0 x4,sata_6_gb_s,PCIe 4.0 x16,assets/images/motherboard_motherboard_asus_q470_pro_q470m_c_csm_lga1200_ddr4_micro_atx.png
Asus B250G STRIX Gaming DDR4 Micro ATX,4564271,LGA 1151,Micro ATX,64,4,ĐEN / ĐỎ,DDR4,PCIe 4.0 x4,sata_6_gb_s,PCIe 4.0 x16,assets/images/motherboard_motherboard_asus_b250g_strix_gaming_ddr4_micro_atx.png
Gigabyte X870 AORUS STEALTH,6129691,AM5,ATX,256,4,TRẮNG,DDR5,PCIe 5.0 x4; PCIe 4.0 x4,sata_6_gb_s,PCIe 5.0 x16,assets/images/motherboard_motherboard_gigabyte_x870_aorus_stealth.png
MSI AMD B650 PRO B650-VC WIFI AM5 DDR5 ATX,6452944,AM5,ATX,192,4,ĐEN / XÁM,DDR5,PCIe 4.0 x4,,PCIe 4.0 x16,assets/images/motherboard_motherboard_msi_amd_b650_pro_b650_vc_wifi_am5_ddr5_atx.png
MSI B760 MAG B760M MORTAR DDR5 Micro ATX,4083212,LGA 1700,Micro ATX,192,4,XÁM / ĐEN,DDR5,PCIe 4.0 x4,sata_6_gb_s,PCIe 4.0 x16,assets/images/motherboard_motherboard_msi_b760_mag_b760m_mortar_ddr5_micro_atx.png
